chr	interval	marker	pos	lod
chr6	lod_1.5	Chrom6-3819694	6.31045465914472	10.7259789332152
chr6	lod_1.5	Chrom6-4397163	8.57162938617707	13.0250031823902
chr6	lod_1.5	Chrom6-4757587	9.71650089817456	10.962235389479
chr6	lod_2	Chrom6-3819694	6.31045465914472	10.7259789332152
chr6	lod_2	Chrom6-4397163	8.57162938617707	13.0250031823902
chr6	lod_2	Chrom6-4757587	9.71650089817456	10.962235389479
chr6	bayes	Chrom6-3871865	6.70920358332416	11.5383242719193
chr6	bayes	Chrom6-4397163	8.57162938617707	13.0250031823902
chr6	bayes	Chrom6-4605791	9.16173149323558	11.6269920717723
