gel-well#,plate#,well#,PlantID,LabID,Concentration in plate,Qubit ng/uL,260/280,260/230,dilution calculations:,vol.DNA(ul),vol.H20(ul),Gel?,Notes,Qubit redo0,Qubit redo1,Qubit redo2,Dilution,Qbit ng/uL of dilution,NOTES,Nanodrop concentration
,1,1A,JH0233,19_516,,361,1.85,2.31,,2.8,97.2,,faint band,282,3.5,96.5,,,,
,1,2A,KK0136,19_539,,12.8,1.82,1.44,,78.1,21.9,,faint band,,,,,,,
,1,3A,KK0132,19_542,,12.2,1.77,0.92,,82,18,,,,,,,,,
,1,4A,KK0162,19_557,,37.5,1.84,2.14,,26.7,73.3,,,,,,,,,
,1,5A,KK0169,19_560,,182,1.85,2.24,,5.5,94.5,,,,,,,,,
,1,6A,JH0171,19_589,,178,1.84,2.32,,5.6,94.4,,,,,,,,,
,1,7A,JH0251_007,21_292,,79.7,1.87,2.49,,12.5,87.5,,,,,,,,,
,1,8A,JH0251_009,21_293,,46.3,1.86,2.72,,21.6,78.4,,,,,,,,,
,1,9A,JH0251_011,21_294,,53,1.85,2.54,,18.9,81.1,,,,,,,,,
,1,10A,JH0251_012,21_295,,23.6,1.79,4.14,,42.4,57.6,,faint band; slight smear,32.8,30.5,69.5,,,,
,1,11A,JH0251_014,21_296,,59.3,1.87,2.6,,16.9,83.1,,,,,,,,,
,1,12A,JH0251_028,21_297,,30.8,1.86,2.57,,32.5,67.5,,Bright band,40.4,,292,,,,
,1,1B,JH0251_029,21_298,,32.8,1.85,2.58,,30.5,69.5,,,,,,,,,
,1,2B,62 x 62 -17,19_640,,161,1.88,2.28,,6.2,93.8,,,,,,,,,
,1,3B,62 x 62 -18,19_641,,223,1.89,2.23,,4.5,95.5,,,,,,,,,
,1,4B,62 x 62 -19,19_642,,189,1.89,2.3,,5.3,94.7,,,,,,,,,
,1,5B,62 x 62 -33,19_656,,24.2,1.77,2.14,,41.3,58.7,,,,,,,,,
,1,6B,62 x 62 -36,19_659,,54.9,1.81,2.3,,18.2,81.8,,,,,,,,,
,1,7B,62 x 62 -52,19_689,,13.5,1.86,1.54,,74.1,25.9,,,,,,,,,
,1,8B,62 x 62 -65,19_702,,38.8,1.91,2.11,,25.8,74.2,,,,,,,,,
,1,9B,62 x 62 -66,19_703,,53,1.85,2.15,,18.9,81.1,,,,,,,,,
,1,10B,62 x 62 -67,19_704,,12.7,1.9,1.43,,78.7,21.3,,,,,,,,,
,1,11B,62 x 62 -82,19_719,,25.5,1.76,1.7,,39.2,60.8,,,,,,,,,
,1,12B,62 x 62 -83,19_731,,145,1.88,2.24,,6.9,93.1,,faint band,29.8,33.6,66.4,,,,
,1,1C,62 x 62 -97,19_745,,152,1.87,2.19,,6.6,93.4,,,,,,,,,
,1,2C,62 x 62 -98,19_746,,225,1.89,2.33,,4.4,95.6,,,,,,,,,
,1,3C,62 x 62 -99,19_747,,54,1.88,2.01,,18.5,81.5,,,,,,,,,
,1,4C,62 x 62 -113,19_761,,89.2,1.86,2.01,,11.2,88.8,,,,,,,,,
,1,5C,62 x 62 -114,19_762,,82.9,1.86,2.07,,12.1,87.9,,,,,,,,,
,1,6C,62 x 62 -115,19_763,,200,1.88,2.17,,5,95,,,,,,,,,
,1,7C,62 x 62 -129,20_015,,165,1.93,2.44,,6.1,93.9,,,,,,,,,
,1,8C,62 x 62 -130,20_016,,135,1.93,2.4,,7.4,92.6,,,,,,,,,
,1,9C,62 x 62 -131,20_018,,190,1.9,2.41,,5.3,94.7,,,,,,,,,
,1,10C,62 x 62 -145,20_032,,18.6,1.9,1.49,,53.8,46.2,,,,,,,,,
,1,11C,62 x 62 -146,20_033,,18.5,1.98,1.68,,54.1,45.9,,,,,,,,,
,1,12C,62 x 62 -147,20_034,,57,1.89,2.1,,17.5,82.5,,,,,,,,,
,1,1D,62 x 62 -161,20_048,,52,1.83,1.95,,19.2,80.8,,,,,,,,,
,1,2D,62 x 62 -163,20_050,,26.8,1.77,1.67,,37.3,62.7,,,,,,,,,
,1,3D,62 x 62 -177,20_064,,57,1.84,2.01,,17.5,82.5,,,,,,,,,
,1,4D,62 x 62 -178,20_065,,40.7,1.82,1.8,,24.6,75.4,,,,,,,,,
,1,5D,62 x 62 -179,20_066,,33.9,1.85,1.81,,29.5,70.5,,,,,,,,,
,1,6D,62 x 62 -193,20_080,,70.8,1.84,1.99,,14.1,85.9,,,,,,,,,
,1,7D,62 x 62 -194,20_081,,143,1.88,2.09,,7,93,,,,,,,,,
,1,8D,62 x 62 -195,20_082,,50,1.86,2.03,,20,80,,,,,,,,,
,1,9D,62 x 62 -209,20_096,,156,1.83,2.02,,6.4,93.6,,,,,,,,,
,1,10D,62 x 62 -210,20_097,,150,1.83,2.07,,6.7,93.3,,,,,,,,,
,1,11D,62 x 62 -211,20_098,,76,1.83,1.86,,13.2,86.8,,slightly faint,32,31.3,68.8,,,,
,1,12D,62 x 62 -225,20_112,,59.8,1.85,2.26,,16.7,83.3,,,,,,,,,
,1,1E,62 x 62 -226,20_113,,60.4,1.83,2.07,,16.6,83.4,,,,,,,,,
,1,2E,62 x 62 -227,20_114,,43.6,1.75,1.57,,22.9,77.1,,faint band,22.8,43.9,56.1,,,,
,1,3E,62 x 62 -241,20_128,,67.8,1.83,2.05,,14.7,85.3,,,,,,,,,
,1,4E,62 x 62 -242,20_129,,59.4,1.86,2.24,,16.8,83.2,,,,,,,,,
,1,5E,62 x 62 -243,20_130,,63.2,1.87,2.29,,15.8,84.2,,,,,,,,,
,1,6E,62 x 62 -257,20_144,,67.8,1.8,1.86,,14.7,85.3,,,,,,,,,
,1,7E,62 x 62 -258,20_145,,67.8,1.83,2.14,,14.7,85.3,,,,,,,,,
,1,8E,62 x 62 -259,20_146,,76.4,1.83,1.92,,13.1,86.9,,,,,,,,,
,1,9E,62 x 62 -273,20_160,,104,1.88,2.24,,9.6,90.4,,,,,,,,,
,1,10E,62 x 62 -274,20_161,,51.8,1.9,2.04,,19.3,80.7,,faint band,29.3,34.1,65.9,,,,
,1,11E,62 x 62 -275,20_162,,97.4,1.88,2.28,,10.3,89.7,,,,,,,,,
,1,12E,62 x 62 -290,20_177,,77.6,1.87,2.09,,12.9,87.1,,,,,,,,,
,1,1F,62 x 62 -291,20_178,,70.8,1.87,2.17,,14.1,85.9,,,,,,,,,
,1,2F,62 x 62 -305,20_192,,81.4,1.83,1.86,,12.3,87.7,,faint band,44.6,22.4,77.6,,,,
,1,3F,62 x 62 -306,20_193,,48.8,1.75,1.23,,20.5,79.5,,faint band,19.3,51.8,48.2,,,,
,1,4F,62 x 62 -307,20_194,,40.8,1.72,1.36,,24.5,75.5,,faint band,12.2,82,18,,,,
,1,5F,62 x 62 -321,20_208,,53.4,1.83,2.17,,18.7,81.3,,faint band,35,28.6,71.4,,,,
,1,6F,62 x 62 -322,20_209,,55.6,1.82,2.09,,18,82,,,,,,,,,
,1,7F,62 x 62 -323,20_210,,45.6,1.76,1.72,,21.9,78.1,,faint band,30.3,33,67,,,,
,1,8F,62 x 62 -337,20_224,,64.6,1.89,2.03,,15.5,84.5,,,,,,,,,
,1,9F,62 x 62 -338,20_225,,61.8,1.87,1.98,,16.2,83.8,, faint band,39.9,25.1,74.9,,,,
,1,10F,62 x 62 -339,20_226,,63.8,1.87,2.02,,15.7,84.3,,,,,,,,,
,1,11F,62 x 62 -353,20_240,,54.4,1.87,1.95,,18.4,81.6,,,,,,,,,
,1,12F,62 x 62 -355,20_242,,42,1.73,1.38,,23.8,76.2,,faint band,20.8,48.1,51.9,,,,
,1,1G,62 x 62 -369,20_256,,38.8,1.79,1.64,,25.8,74.2,,faint band,30,33.3,66.7,,,,
,1,2G,62 x 62 -370,20_257,,21.6,1.69,1.04,,46.3,53.7,,faint band,13,76.9,23.1,,,,
,1,3G,62 x 62 -371,20_258,,41.6,1.81,1.81,,24,76,,,,,,,,,
,1,4G,62 x 62 -162,21_018,,44.2,1.89,2.04,,22.6,77.4,,Slightly smearing ,,,,,,,
,1,5G,39 x 39 -99,21_047,,52,1.89,2.21,21-047,19.2,80.8,,,,,,,,,
,1,6G,39 x 39 -83,21_053,,19.5,1.91,2.24,21-053,51.3,48.7,,Bright and smear,66.8,,545,,,,
,1,7G,39 x 39 -82,21_054,,26,1.92,2.29,21-054,38.5,61.5,,Bright and slight smear,79.1,,663,,,,
,1,8G,62 x 62 -81,21_065,,41.8,1.85,2.01,21-065,23.9,76.1,,,,,,,,,
,1,9G,62 x 62 -55,21_093,,191,1.92,2.25,21-093,5.2,94.8,,,,,,,,,
,1,10G,39 x 39 -17,21_132,,59,1.86,2.4,,16.9,83.1,,Bright band; qubit=dilution,29.2,,184.3,,,,
,1,11G,39 x 39 -18,21_133,,59,1.87,2.39,,16.9,83.1,,Bright band; qubit=dilution,48.4,,369,,,,
,1,12G,39 x 39 -19,21_134,,54,1.86,2.35,,18.5,81.5,,Bright band; qubit=dilution,47.6,,353,,,,
,1,1H,39 x 39 -33,21_137,,59,1.85,2.41,,16.9,83.1,,,,,,,,,
,1,2H,39 x 39 -35,21_144,,22.1,1.88,2.21,,45.2,54.8,,Bright band ,58.1,,462,,,,
,1,3H,39 x 39 -49,21_154,,26.1,1.9,2.38,,38.3,61.7,,Bright band !!!!!,46.3,21.6,78.4,,,,
,1,4H,39 x 39 -50,21_155,,17.1,1.87,2.23,,58.5,41.5,,"Very bright, big concentration",56,,442,,,,
,1,5H,39 x 39 -51,21_156,,114,1.87,2.19,,8.8,91.2,,faint band,131,7.6,92.4,,,,
,1,6H,39 x 39 -66,21_160,,20.2,1.86,2.23,,49.5,50.5,,Bright and smear,102,,883,,,,
,1,7H,39 x 39 -67,21_161,,98.6,1.84,2.04,,10.1,89.9,,,,,,,,,
,1,8H,39 x 39 -68,21_162,,23.8,1.85,2.24,,42,58,,Bright and smear,80.4,,676,,,,
,1,9H,39 x 39 -113,21_183,,82.6,1.8,2.25,,12.1,87.9,,No band,12.5,80,20,,,,
,1,10H,39 x 39 -114,21_184,,139,1.84,2.22,,7.2,92.8,,No band,19.7,50.8,49.2,,,,
,1,11H,39 x 39 -115,21_185,,156,1.75,2.28,,6.4,93.6,,No band ,24.5,40.8,59.2,,,,
,1,12H,39 x 39 -129,21_197,,76.3,1.98,2.25,,13.1,86.9,,faint band,,,,,,,
1,2,A1,62 x 62 -1,19_624,,78.6,1.86,2.18,,,,,,,,,1:10,7.86,,
2,2,B1,62 x 62 -2,19_625,,199,1.87,2.32,,,,,,,,,1:10,19.9,,
3,2,C1,62 x 62 -3,19_626,,138,1.88,2.29,,,,,,,,,1:10,13.8,,
4,2,D1,62 x 62 -4,19_627,,81.2,1.87,2.16,,,,,,,,,1:10,8.12,,
5,2,E1,62 x 62 -5,19_628,,190,1.87,2.32,,,,,,,,,1:10,19,,
6,2,F1,62 x 62 -6,19_629,,51.2,1.87,1.88,,,,,,,,,1:10,5.12,,
7,2,G1,62 x 62 -7,19_630,,60.5,1.86,2.09,,,,,,,,,1:10,6.05,,
8,2,H1,62 x 62 -8,19_631,,29.2,1.87,1.87,,,,,,,,,1:10,2.92,,
9,2,A2,62 x 62 -9,19_632,,65.8,1.85,2.14,,,,,,,,,1:10,6.58,,
10,2,B2,62 x 62 -10,19_633,,50,1.86,2.05,,,,,,,,,1:10,5,,
11,2,C2,62 x 62 -11,19_634,,53.1,1.87,2,,,,,,,,,1:10,5.31,,
12,2,D2,62 x 62 -12,19_635,,30.1,1.86,1.94,,,,,,,,,1:10,3.01,,
13,2,E2,62 x 62 -13,19_636,,60.3,1.86,2.08,,,,,,,,,1:10,6.03,,
14,2,F2,62 x 62 -14,19_637,,94.6,1.84,2.17,,,,,,,,,1:10,9.46,,
15,2,G2,62 x 62 -15,19_638,,59.8,1.8,1.94,,,,,,,,,1:10,5.98,,
16,2,H2,62 x 62 -16,19_639,,83.9,1.86,2.15,,,,,,,,,1:10,8.39,,
17,2,A3,62 x 62 -20,19_643,,120,1.87,2.18,,,,,,,,,1:10,12,,
18,2,B3,62 x 62 -21,19_644,,97.8,1.91,2.23,,,,,,,,,1:10,9.78,,
19,2,C3,62 x 62 -22,19_645,,174,1.9,2.3,,,,,,,,,1:10,17.4,,
20,2,D3,62 x 62 -23,19_646,,227,1.89,2.32,,,,,,,,,1:10,22.7,,
21,2,E3,62 x 62 -24,19_647,,233,1.91,2.32,,,,,,,,,1:10,23.3,,
22,2,F3,62 x 62 -25,19_648,,17,1.74,1.98,,,,,,,,,1:10,1.7,,
23,2,G3,62 x 62 -26,19_649,,48.3,1.85,2.18,,,,,,,,,1:10,4.83,,
24,2,H3,62 x 62 -29,19_652,,10.4,1.63,1.42,,,,,,,,,1:10,1.04,,
25,2,A4,62 x 62 -30,19_653,,21.3,1.76,2.01,,,,,,,,,1:10,2.13,,
26,2,B4,62 x 62 -31,19_654,,25.9,1.79,2.23,,,,,,,,,1:10,2.59,,
27,2,C4,62 x 62 -32,19_655,,31.5,1.77,2.22,,,,,,,,,1:10,3.15,,
28,2,D4,62 x 62 -38,19_661,,25.3,1.75,2.19,,,,,,,,,1:10,2.53,,
29,2,E4,62 x 62 -39,19_662,,30,1.75,1.98,,,,,,,,,1:10,3,,
30,2,F4,BLANK,blank1,,,,,,,,,,,,,,,,
31,2,G4,62 x 62 -42,19_665,,18.6,1.68,2.06,,,,,,,,,1:10,1.86,,
32,2,H4,62 x 62 -158,21_021,,51,1.87,2.33,,,,,,,,,,,Filler,
33,2,A5,62 x 62 -61,21_022,,40.8,1.81,2.21,,,,,,,,,,,Filler,
34,2,B5,62 x 62 -64,21_023,,38,1.72,1.57,,,,,,,,,,,Filler,
35,2,C5,39 x 39 -91,21_050,,175,1.88,2.09,,,,,,,,,1:10,17.5,Filler,
36,2,D5,39 x 39 -107,21_025,,High,1.89,2.23,,,,,,,,,1:10,63.6,Filler,
37,2,E5,39 x 39 -114,21_026,,High,1.89,2.29,,,,,,,,,1:10,11.5,Filler,
38,2,F5,39 x 39 -106,21_027,,High,1.89,2.32,,,,,,,,,1:10,54.5,Filler,
39,2,G5,39 x 39 -117,21_028,,High,1.89,2.27,,,,,,,,,1:10,20.7,Filler,
40,2,H5,62 x 62 -72,19_709,,85,1.87,2.16,,,,,,,,,1:10,8.5,,
41,2,A6,39 x 39 -123,21_029,,High,1.9,2.35,,,,,,,,,1:10,11.3,Filler,
42,2,B6,39 x 39 -121,21_030,,High,1.82,1.31,,,,,,,,,1:10,27.9,Filler,
43,2,C6,62 x 62 -75,19_712,,30.9,1.8,1.83,,,,,,,,,,,,
44,2,D6,39 x 39 -119,21_031,,High,1.73,1.02,,,,,,,,,1:10,20.6,Filler,
45,2,E6,62 x 62 -78,19_715,,44.9,1.8,1.89,,,,,,,,,,,,
46,2,F6,39 x 39 -129,21_032,,32,1.73,1.18,,,,,,,,,,,Filler,
47,2,G6,39 x 39 -116,21_033,,89.8,1.62,0.79,,,,,,,,,,,Filler,
48,2,H6,62 x 62 -85,19_733,,53,1.87,1.97,,,,,,,,,,,,
49,2,A7,39 x 39 -131,21_034,,114,1.88,2.12,,,,,,,,,1:10,10.8,Filler,
50,2,B7,62 x 62 -87,19_735,,60,1.86,2.07,,,,,,,,,,,,
51,2,C7,62 x 62 -88,19_736,,52,1.84,2,,,,,,,,,,,,
52,2,D7,39 x 39 -115,21_035,,High,1.9,2.29,,,,,,,,,1:10,8.62,Filler,
53,2,E7,62 x 62 -90,19_738,,28.9,1.84,1.73,,,,,,,,,,,,
54,2,F7,62 x 62 -91,19_739,,308,1.88,2.32,,,,,,,,,1:10,30.8,,
55,2,G7,62 x 62 -92,19_740,,143,1.88,2.24,,,,,,,,,1:10,14.3,,
56,2,H7,62 x 62 -93,19_741,,164,1.89,2.27,,,,,,,,,1:10,16.4,,
57,2,A8,62 x 62 -94,19_742,,184,1.88,2.33,,,,,,,,,1:10,18.4,,
58,2,B8,62 x 62 -95,19_743,,110,1.91,2.23,,,,,,,,,1:10,11,,
59,2,C8,62 x 62 -96,19_744,,191,1.89,2.27,,,,,,,,,1:10,19.1,,
60,2,D8,62 x 62 -100,19_748,,219,1.87,2.3,,,,,,,,,1:10,21.9,,
61,2,E8,62 x 62 -101,19_749,,52,1.84,2.01,,,,,,,,,,,,
62,2,F8,62 x 62 -102,19_750,,37.8,1.84,1.85,,,,,,,,,,,,
63,2,G8,62 x 62 -103,19_751,,214,1.87,2.28,,,,,,,,,1:10,21.4,,
64,2,H8,62 x 62 -104,19_752,,221,1.88,2.37,,,,,,,,,1:10,22.1,,
65,2,A9,62 x 62 -105,19_753,,204,1.89,2.35,,,,,,,,,1:10,20.4,,
66,2,B9,62 x 62 -106,19_754,,166,1.87,2.18,,,,,,,,,1:10,16.6,,
67,2,C9,62 x 62 -107,19_755,,88.5,1.86,1.96,,,,,,,,,1:10,8.85,,
68,2,D9,62 x 62 -108,19_756,,225,1.88,2.38,,,,,,,,,1:10,22.5,,
69,2,E9,62 x 62 -109,19_757,,408,1.89,2.4,,,,,,,,,1:10,40.8,,
70,2,F9,62 x 62 -110,19_758,,77.2,1.87,2.13,,,,,,,,,1:10,7.72,,
71,2,G9,62 x 62 -111,19_759,,297,1.89,2.38,,,,,,,,,1:10,29.7,,
72,2,H9,62 x 62 -112,19_760,,242,1.88,2.32,,,,,,,,,1:10,24.2,,
73,2,A10,62 x 62 -116,20_001,,75.8,1.88,2.43,,,,,,,,,1:10,7.58,,
74,2,B10,62 x 62 -125,20_10,,83.7,1.91,2.25,,,,,,,,,1:10,8.37,,
75,2,C10,39 x 39 -87,21_051,,59,1.89,2.13,,,,,,,,,,,Filler,
76,2,D10,62 x 62 -213,20_100,,90,1.82,1.84,,,,,,,,,1:10,9,,
77,2,E10,62 x 62 -214,20_101,,135,1.82,1.96,,,,,,,,,1:10,13.5,,
78,2,F10,62 x 62 -215,20_102,,38,1.8,1.76,,,,,,,,,1:10,3.8,,
79,2,G10,62 x 62 -216,20_103,,58,1.79,1.65,,,,,,,,,1:10,5.8,,
80,2,H10,62 x 62 -217,20_104,,98,1.82,1.99,,,,,,,,,1:10,9.8,,
81,2,A11,62 x 62 -218,20_105,,51,1.87,1.78,,,,,,,,,1:10,5.1,,
82,2,B11,62 x 62 -219,20_106,,42.8,1.74,1.66,,,,,,,,,1:10,,,
83,2,C11,62 x 62 -220,20_107,,39.6,1.83,1.5,,,,,,,,,1:10,,,
84,2,D11,62 x 62 -221,20_108,,57.2,1.83,2.12,,,,,,,,,1:10,,,
85,2,E11,62 x 62 -222,20_109,,53.2,1.85,2.19,,,,,,,,,1:10,,,
86,2,F11,62 x 62 -223,20_110,,57.8,1.84,2.21,,,,,,,,,,,,
87,2,G11,62 x 62 -224,20_111,,59.2,1.83,2.29,,,,,,,,,1:10,,,
88,2,H11,62 x 62 -228,20_115,,51.4,1.78,1.7,,,,,,,,,1:10,,,
89,2,A12,62 x 62 -229,20_116,,53.4,1.82,2.06,,,,,,,,,1:10,,,
90,2,B12,62 x 62 -230,20_117,,52,1.8,1.9,,,,,,,,,1:10,,,
91,2,C12,62 x 62 -231,20_118,,44.4,1.77,1.81,,,,,,,,,1:10,,,
92,2,D12,62 x 62 -232,20_119,,45,1.82,2.08,,,,,,,,,,,,
93,2,E12,62 x 62 -233,20_120,,33.6,1.66,1.24,,,,,,,,,1:10,,,
94,2,F12,62 x 62 -234,20_121,,41.2,1.74,1.75,,,,,,,,,1:10,,,
95,2,G12,62 x 62 -235,20_122,,43,1.77,1.8,,,,,,,,,1:10,,,
96,2,H12,62 x 62 -236,20_123,,39.8,1.81,2.07,,,,,,,,,1:10,,,
1,3,A1,62 x 62 -237,20_124,,37.6,1.83,1.66,,,,,,,,,,,,
2,3,B1,62 x 62 -238,20_125,,73.4,1.85,2.01,,,,,,,,,,,,
3,3,C1,62 x 62 -239,20_126,,70.4,1.85,2.1,,,,,,,,,,,,
4,3,D1,62 x 62 -240,20_127,,61.8,1.87,2.25,,,,,,,,,,,,
5,3,E1,62 x 62 -127,20_13,,59,1.91,2.43,,,,,,,,,,,dilute and revisualize,
6,3,F1,67 x 62 -244,20_131,,60.8,1.84,1.97,,,,,,,,,,,,
7,3,G1,62 x 62 -245,20_132,,36.4,1.8,1.87,,,,,,,,,,,,
8,3,H1,62 x 62 -246,20_133,,56.8,1.82,2.13,,,,,,,,,,,,
9,3,A2,62 x 62 -247,20_134,,60.4,1.84,2.14,,,,,,,,,,,dilute and revisualize,
10,3,B2,62 x 62 -248,20_135,,64.8,1.84,2.19,,,,,,,,,,,dilute and revisualize,
11,3,C2,62 x 62 -249,20_136,,66.2,1.84,2.12,,,,,,,,,,,dilute and revisualize,
12,3,D2,62 x 62 -250,20_137,,67.2,1.86,2.24,,,,,,,,,,,,
13,3,E2,62 x 62 -251,20_138,,65.2,1.82,1.86,,,,,,,,,** difficulty loading gel,,,
14,3,F2,62 x 62 -252,20_139,,68,1.86,2.28,,,,,,,,,,,,
15,3,G2,62 x 62 -128,20_14,,58,1.92,2.39,,,,,,,,,,,dilute and revisualize,
16,3,H2,62 x 62 -253,20_140,,68,1.86,2.28,,,,,,,,,,,dilute and revisualize,
17,3,A3,62 x 62 -254,20_141,,67,1.85,2.3,,,,,,,,,,,dilute and revisualize,
18,3,B3,62 x 62 -255,20_142,,66.2,1.84,2.08,,,,,,,,,,,dilute and revisualize,
19,3,C3,62 x 62 -256,20_143,,60.8,1.82,1.92,,,,,,,,,,,,
20,3,D3,62 x 62 -260,20_147,,72.4,1.81,1.95,,,,,,,,,,,,
21,3,E3,62 x 62 -261,20_148,,77.2,1.85,2.21,,,,,,,,,,,,
22,3,F3,62 x 62 -262,20_149,,69.8,1.8,1.8,,,,,,,,,,,,
23,3,G3,62 x 62 -263,20_150,,22.4,1.76,1.42,,,,,,,,,,,,
24,3,H3,62 x 62 -264,20_151,,64.4,1.82,1.97,,,,,,,,,,,,
25,3,A4,62 x 62 -265,20_152,,52.2,1.81,1.76,,,,,,,,,,,,
26,3,B4,62 x 62 -266,20_153,,57,1.82,1.93,,,,,,,,,,,,
27,3,C4,62 x 62 -267,20_154,,58,1.84,2.02,,,,,,,,,,,dilute and revisualize,
28,3,D4,62 x 62 -268,20_155,,58.4,1.83,1.82,,,,,,,,,,,,
29,3,E4,62 x 62 -269,20_156,,60.6,1.83,2.07,,,,,,,,,,,,
30,3,F4,62 x 62 -270,20_157,,55.4,1.84,2.01,,,,,,,,,,,,
31,3,G4,62 x 62 -271,20_158,,50,1.82,1.91,,,,,,,,,,,,
32,3,H4,62 x 62 -272,20_159,,93,1.88,2,,,,,,,,,,,,
33,3,A5,62 x 62 -276,20_163,,60.4,1.87,2.27,,,,,,,,,,,,
34,3,B5,62 x 62 -277,20_164,,23.8,1.9,0.95,,,,,,,,,,,,
35,3,C5,62 x 62 -279,20_166,,77.6,1.86,2.13,,,,,,,,,,,,
36,3,D5,62 x 62 -280,20_167,,86.4,1.87,2.33,,,,,,,,,,,dilute and revisualize,
37,3,E5,62 x 62 -292,20_179,,77.4,1.82,1.81,,,,,,,,,,,,
38,3,F5,62 x 62 -293,20_180,,73.2,1.86,2.15,,,,,,,,,,,,
39,3,G5,62 x 62 -294,20_181,,71.8,1.82,1.9,,,,,,,,,,,,
40,3,H5,62 x 62 -295,20_182,,76.2,1.86,2.09,,,,,,,,,,,,
41,3,A6,62 x 62 -296,20_183,,67.6,1.83,1.87,,,,,,,,,,,,
42,3,B6,62 x 62 -297,20_184,,62.8,1.87,2.12,,,,,,,,,,,,
43,3,C6,62 x 62 -298,20_185,,58,1.8,1.83,,,,,,,,,,,,
44,3,D6,62 x 62 -299,20_186,,59.8,1.87,2.04,,,,,,,,,,,,
45,3,E6,62 x 62 -300,20_187,,73.2,1.85,1.9,,,,,,,,,,,,
46,3,F6,62 x 62 -301,20_188,,69.6,1.84,1.75,,,,,,,,,,,,
47,3,G6,62 x 62 -302,20_189,,73.2,1.87,1.88,,,,,,,,,,,,
48,3,H6,62 x 62 -132,20_19,,87.1,1.94,2.36,,,,,,,,,1:10,8.71,,
49,3,A7,62 x 62 -303,20_190,,65.2,1.89,1.96,,,,,,,,,,,,
50,3,B7,62 x 62 -304,20_191,,68,1.85,1.76,,,,,,,,,,,,
51,3,C7,62 x 62 -308,20_195,,65,1.84,2.18,,,,,,,,,,,,
52,3,D7,62 x 62 -309,20_196,,47.6,1.77,2.15,,,,,,,,,,,,
53,3,E7,62 x 62 -310,20_197,,57.8,1.85,2.3,,,,,,,,,,,,
54,3,F7,62 x 62 -311,20_198,,59.8,1.85,2.29,,,,,,,,,,,,
55,3,G7,62 x 62 -312,20_199,,57.8,1.87,2.34,,,,,,,,,,,,
56,3,H7,62 x 62 -117,20_2,,309,1.89,2.41,,,,,,,,,1:10,30.9,,
57,3,A8,62 x 62 -133,20_20,,19.7,1.94,2.11,,,,,,,,,,,,
58,3,B8,62 x 62 -313,20_200,,33.2,1.73,1.68,,,,,,,,,,,,
59,3,C8,62 x 62 -314,20_201,,44.4,1.8,2.14,,,,,,,,,,,,
60,3,D8,62 x 62 -315,20_202,,56.8,1.86,2.31,,,,,,,,,,,,
61,3,E8,62 x 62 -316,20_203,,60.2,1.86,2.33,,,,,,,,,,,,
62,3,F8,62 x 62 -317,20_204,,56.4,1.85,2.3,,,,,,,,,,,,
63,3,G8,62 x 62 -318,20_205,,51,1.82,2.08,,,,,,,,,,,,
64,3,H8,62 x 62 -319,20_206,,55.6,1.82,1.26,,,,,,,,,,,,
65,3,A9,62 x 62 -320,20_207,,57.8,1.83,2.07,,,,,,,,,,,,
66,3,B9,62 x 62 -134,20_21,,29.6,2.02,2.34,,,,,,,,,,,,
67,3,C9,62 x 62 -324,20_211,,51.2,1.81,2.05,,,,,,,,,,,,
68,3,D9,62 x 62 -325,20_212,,38,1.73,1.48,,,,,,,,,,,,
69,3,E9,62 x 62 -326,20_213,,76.4,1.81,1.73,,,,,,,,,,,,
70,3,F9,62 x 62 -327,20_214,,82.4,1.85,2.02,,,,,,,,,,,,
71,3,G9,62 x 62 -328,20_215,,77,1.82,1.88,,,,,,,,,,,,
72,3,H9,62 x 62 -329,20_216,,84.2,1.83,2.07,,,,,,,,,,,,
73,3,A10,62 x 62 -330,20_217,,57.2,1.78,1.66,,,,,,,,,,,,
74,3,B10,62 x 62 -331,20_218,,74.4,1.76,1.21,,,,,,,,,,,,
75,3,C10,62 x 62 -332,20_219,,82.4,1.84,1.97,,,,,,,,,,,,
76,3,D10,62 x 62 -135,20_22,,42.3,1.93,2.35,,,,,,,,,,,,
77,3,E10,62 x 62 -333,20_220,,47.2,1.74,1.35,,,,,,,,,,,,
78,3,F10,62 x 62 -334,20_221,,56.4,1.75,1.44,,,,,,,,,,,,
79,3,G10,62 x 62 -335,20_222,,43.2,1.75,1.38,,,,,,,,,,,,
80,3,H10,62 x 62 -336,20_223,,62.4,1.9,2.09,,,,,,,,,,,,
81,3,A11,62 x 62 -340,20_227,,61.4,1.89,2.04,,,,,,,,,,,,
82,3,B11,62 x 62 -341,20_228,,63.6,1.89,1.87,,,,,,,,,,,,
83,3,C11,62 x 62 -342,20_229,,60.4,1.89,1.86,,,,,,,,,,,,
84,3,D11,62 x 62 -136,20_23,,58,1.93,2.37,,,,,,,,,,,,
85,3,E11,62 x 62 -343,20_230,,54.4,1.89,1.98,,,,,,,,,,,,
86,3,F11,62 x 62 -344,20_231,,60.4,1.89,2.13,,,,,,,,,,,,
87,3,G11,62 x 62 -345,20_232,,56.4,1.88,2.04,,,,,,,,,,,,
88,3,H11,62 x 62 -346,20_233,,62,1.85,1.82,,,,,,,,,,,,
89,3,A12,62 x 62 -347,20_234,,59.8,1.88,2.08,,,,,,,,,,,,
90,3,B12,62 x 62 -348,20_235,,52.6,1.85,1.77,,,,,,,,,,,,
91,3,C12,62 x 62 -349,20_236,,49.6,1.84,1.53,,,,,,,,,,,,
92,3,D12,62 x 62 -350,20_237,,54.4,1.86,1.92,,,,,,,,,,,,
93,3,E12,62 x 62 -351,20_238,,54.4,1.84,1.72,,,,,,,,,,,,
94,3,F12,62 x 62 -352,20_239,,47.4,1.88,1.7,,,,,,,,,,,,
95,3,G12,62 x 62 -137,20_24,,41.5,1.91,2.35,,,,,,,,,,,,
96,3,H12,BLANK,blank2,,,,,,,,,,,,,,,,
1,4,A1,62 x 62 -356,20_243,,56.8,1.77,1.56,,,,,,,,,,,,
2,4,B1,62 x 62 -357,20_244,,58,1.83,1.62,,,,,,,,,,,,
3,4,C1,62 x 62 -358,20_245,,61.2,1.81,1.6,,,,,,,,,,,,
4,4,D1,62 x 62 -359,20_246,,62.4,1.85,1.84,,,,,,,,,,,,
5,4,E1,62 x 62 -360,20_247,,47,1.8,1.5,,,,,,,,,,,,
6,4,F1,62 x 62 -361,20_248,,56.2,1.82,1.8,,,,,,,,,,,,
7,4,G1,62 x 62 -362,20_249,,66.4,1.87,2.1,,,,,,,,,,,,
8,4,H1,62 x 62 -138,20_25,,255,1.87,2.32,,,,,,,,,1:10,25.5,,
9,4,A2,62 x 62 -363,20_250,,62.4,1.85,2.01,,,,,,,,,,,,
10,4,B2,62 x 62 -364,20_251,,53.8,1.85,1.9,,,,,,,,,,,,
11,4,C2,62 x 62 -365,20_252,,50,1.87,2.14,,,,,,,,,,,,
12,4,D2,62 x 62 -366,20_253,,43.4,1.83,1.96,,,,,,,,,,,,
13,4,E2,62 x 62 -367,20_254,,40.6,1.8,1.61,,,,,,,,,,,,
14,4,F2,62 x 62 -368,20_255,,43,1.84,1.97,,,,,,,,,,,,
15,4,G2,62 x 62 -139,20_26,,55,1.86,1.87,,,,,,,,,,,,
16,4,H2,62 x 62 -140,20_27,,171,1.91,2.26,,,,,,,,,1:10,17.1,,
17,4,A3,62 x 62 -141,20_28,,118,1.9,2.08,,,,,,,,,1:10,11.8,,
18,4,B3,62 x 62 -142,20_29,,18.3,1.98,1.59,,,,,,,,,,,,
19,4,C3,62 x 62 -118,20_3,,88,1.89,2.42,,,,,,,,,1:10,8.8,,
20,4,D3,62 x 62 -143,20_30,,57,1.9,2.18,,,,,,,,,,,,
21,4,E3,62 x 62 -144,20_31,,41.3,1.9,2.01,,,,,,,,,,,,
22,4,F3,62 x 62 -148,20_35,,137,1.88,2.25,,,,,,,,,1:10,13.7,,
23,4,G3,62 x 62 -149,20_36,,40.7,1.88,2.19,,,,,,,,,,,,
24,4,H3,62 x 62 -150,20_37,,84.8,1.88,2.37,,,,,,,,,1:10,8.48,,
25,4,A4,62 x 62 -151,20_38,,37,1.85,2.07,,,,,,,,,,,,
26,4,B4,62 x 62 -152,20_39,,170,1.85,2.34,,,,,,,,,1:10,17,,
27,4,C4,62 x 62 -119,20_4,,176,1.89,2.43,,,,,,,,,1:10,17.6,,
28,4,D4,62 x 62 -153,20_40,,58.3,1.87,2.25,,,,,,,,,1:10,5.83,,
29,4,E4,62 x 62 -154,20_41,,19.5,1.79,1.63,,,,,,,,,,,,
30,4,F4,62 x 62 -155,20_42,,58,1.84,1.97,,,,,,,,,,,,
31,4,G4,62 x 62 -156,20_43,,13.1,1.77,1.53,,,,,,,,,,,,
32,4,H4,62 x 62 -157,20_44,,15.7,1.77,1.82,,,,,,,,,,,,
33,4,A5,62 x 62 -159,20_46,,13,1.68,1.42,,,,,,,,,,,,
34,4,B5,62 x 62 -160,20_47,,41,1.81,2.03,,,,,,,,,,,,
35,4,C5,62 x 62 -120,20_5,,40.7,1.92,2.5,,,,,,,,,1:10,4.07,,
36,4,D5,62 x 62 -164,20_51,,14.2,1.8,1.77,,,,,,,,,,,,
37,4,E5,62 x 62 -165,20_52,,181,1.87,2.26,,,,,,,,,1:10,18.1,,
38,4,F5,62 x 62 -166,20_53,,35.8,1.85,2.05,,,,,,,,,,,,
39,4,G5,62 x 62 -167,20_54,,154,1.88,2.32,,,,,,,,,1:10,15.4,,
40,4,H5,62 x 62 -168,20_55,,55,1.89,2.26,,,,,,,,,,,,
41,4,A6,62 x 62 -169,20_56,,27.9,1.88,2.06,,,,,,,,,,,,
42,4,B6,62 x 62 -170,20_57,,29,1.9,2.04,,,,,,,,,,,,
43,4,C6,62 x 62 -171,20_58,,32.1,1.89,1.9,,,,,,,,,,,,
44,4,D6,62 x 62 -172,20_59,,60,1.89,2.24,,,,,,,,,,,,
45,4,E6,62 x 62 -121,20_6,,231,1.9,2.42,,,,,,,,,1:10,23.1,,
46,4,F6,62 x 62 -173,20_60,,33.8,1.86,2,,,,,,,,,,,,
47,4,G6,62 x 62 -174,20_61,,94.9,1.88,2.21,,,,,,,,,1:10,9.49,,
48,4,H6,62 x 62 -175,20_62,,96.5,1.88,2.19,,,,,,,,,1:10,9.65,,
49,4,A7,62 x 62 -176,20_63,,81.4,1.89,2.21,,,,,,,,,1:10,8.14,,
50,4,B7,62 x 62 -180,20_67,,60,1.84,2.1,,,,,,,,,,,,
51,4,C7,62 x 62 -181,20_68,,30.1,1.86,2,,,,,,,,,,,,
52,4,D7,62 x 62 -182,20_69,,56,1.84,2.17,,,,,,,,,,,,
53,4,E7,62 x 62 -122,20_7,,362,1.89,2.43,,,,,,,,,1:10,36.2,,
54,4,F7,62 x 62 -183,20_70,,56,1.84,2.09,,,,,,,,,,,,
55,4,G7,62 x 62 -184,20_71,,128,1.89,2.26,,,,,,,,,1:10,12.8,,
56,4,H7,62 x 62 -185,20_72,,343,1.87,2.29,,,,,,,,,1:10,34.3,,
57,4,A8,62 x 62 -186,20_73,,137,1.88,2.18,,,,,,,,,1:10,13.7,,
58,4,B8,62 x 62 -187,20_74,,84.1,1.87,2.06,,,,,,,,,1:10,8.41,,
59,4,C8,62 x 62 -188,20_75,,140,1.88,2.21,,,,,,,,,1:10,14,,
60,4,D8,62 x 62 -189,20_76,,54,1.87,1.93,,,,,,,,,,,,
61,4,E8,62 x 62 -190,20_77,,48.5,1.88,2.2,,,,,,,,,,,,
62,4,F8,62 x 62 -191,20_78,,89,1.88,2.24,,,,,,,,,1:10,8.9,,
63,4,G8,62 x 62 -192,20_79,,102,1.87,2.13,,,,,,,,,1:10,10.2,,
64,4,H8,62 x 62 -123,20_8,,166,1.89,2.45,,,,,,,,,1:10,16.6,,
65,4,A9,62 x 62 -196,20_83,,58,1.88,2.06,,,,,,,,,,,,
66,4,B9,62 x 62 -197,20_84,,35.9,1.83,1.9,,,,,,,,,,,,
67,4,C9,62 x 62 -198,20_85,,185,1.87,2.29,,,,,,,,,1:10,18.5,,
68,4,D9,62 x 62 -199,20_86,,51,1.88,2.12,,,,,,,,,,,,
69,4,E9,62 x 62 -200,20_87,,18.4,1.84,1.82,,,,,,,,,,,,
70,4,F9,62 x 62 -201,20_88,,88.6,1.87,2.23,,,,,,,,,1:10,8.86,,
71,4,G9,62 x 62 -202,20_89,,67,1.88,2.14,,,,,,,,,,,,
72,4,H9,62 x 62 -124,20_9,,135,1.91,2.42,,,,,,,,,1:10,13.5,,
73,4,A10,62 x 62 -203,20_90,,16.1,1.87,2.02,,,,,,,,,1:10,1.61,,
74,4,B10,62 x 62 -204,20_91,,47.2,1.81,1.85,,,,,,,,,,,,
75,4,C10,62 x 62 -205,20_92,,115,1.83,1.98,,,,,,,,,1:10,11.5,,
76,4,D10,62 x 62 -206,20_93,,364,1.87,2.27,,,,,,,,,1:10,36.4,,
77,4,E10,62 x 62 -207,20_94,,97,1.83,1.96,,,,,,,,,1:10,9.7,,
78,4,F10,62 x 62 -208,20_95,,107,1.83,1.95,,,,,,,,,1:10,10.7,,
79,4,G10,39 x 39 -84,21_052,,244,1.91,2.27,,,,,,,,,1:10,24.4,Filler,
80,4,H10,39 x 39 -134,21_202,,45.7,1.84,2.22,,,,,,,,,1:10,4.57,,
81,4,A11,39 x 39 -21,21_001,,45.4,1.92,2.07,,,,,,,,,,,,
82,4,B11,39 x 39 -49,21_005,,High,1.8,1.48,,,,,,,,,1:10,31.7,,
83,4,C11,39 x 39 -50,21_006,,23.7,1.89,1.72,,,,,,,,,,,need to re-visualize,
84,4,D11,39 x 39 -51,21_007,,49.5,1.9,1.96,,,,,,,,,,,,
85,4,E11,39 x 39 -52,21_008,,High,1.97,2.3,,,,,,,,,1:10,53.8,,
86,4,F11,39 x 39 -53,21_009,,29.5,1.92,1.99,,,,,,,,,,,,
87,4,G11,39 x 39 -112,21_038,,High,1.91,2.34,,,,,,,,,1:10,7.32,Filler,
88,4,H11,39 x 39 -128,21_039,,High,1.86,2.22,,,,,,,,,1:10,17.8,poor quality DNA/FILLER,
89,4,A12,39 x 39 -101,21_040,,High,1.88,2.12,,,,,,,,,1:10,19.5,poor quality DNA/FILLER,
90,4,B12,39 x 39 -122,21_041,,94.6,1.87,2.12,,,,,,,,,,,poor quality DNA/FILLER,
91,4,C12,39 x 39 -104,21_042,,High,1.87,2.17,,,,,,,,,1:10,14.2,poor quality DNA/FILLER,
92,4,D12,39 x 39 -109,21_044,,166,1.86,1.79,,,,,,,,,1:10,16.6,poor quality DNA/FILLER,
93,4,E12,39 x 39 -108,21_045,,41.7,1.88,2.23,,,,,,,,,1:10,4.17,poor quality DNA/FILLER,
94,4,F12,39 x 39 -102,21_046,,179,1.91,2.22,,,,,,,,,1:10,17.9,poor quality DNA/FILLER,
95,4,G12,39 x 39 -95,21_048,,252,1.92,2.24,,,,,,,,,1:10,25.2,poor quality DNA/FILLER,
96,4,H12,39 x 39 -92,21_049,,570,1.9,2.34,,,,,,,,,1:10,57,Filler,
,5,A1,39 x 39 -12,21_127,24.8,248,1.86,2.24,,,,,,,,,,,,
,5,B1,39 x 39 -16,21_131,57,57,1.87,2.35,,,,,,,,,1:10,5.7,,
,5,C1,39 x 39 -20,21_135,36.6,36.6,1.86,2.44,,,,,,,,,1:10,3.66,,
,5,D1,39 x 39 -31,21_136,33.1,33.1,1.84,2.28,,,,,,,,,1:10,3.31,,
,5,E1,39 x 39 -40,21_139,13.9,139,1.86,2.42,,,,,,,,,,,,
,5,F1,39 x 39 -26,21_140,45,45,1.89,2.22,,,,,,,,,,,,
,5,G1,39 x 39 -30,21_142,28.7,28.7,1.88,2.23,,,,,,,,,,,,
,5,H1,39 x 39 -32,21_143,18.7,18.7,1.88,2.21,,,,,,,,,,,,
,5,A2,39 x 39 -36,21_145,18.4,18.4,1.88,2.24,,,,,,,,,,,,
,5,B2,39 x 39 -37,21_146,38.6,38.6,1.9,2.31,,,,,,,,,,,,
,5,C2,39 x 39 -38,21_147,21.4,21.4,1.86,2.12,,,,,,,,,,,,
,5,D2,39 x 39 -41,21_148,15.2,15.2,1.91,2.31,,,,,,,,,,,,
,5,E2,39 x 39 -42,21_149,19.9,19.9,1.83,1.94,,,,,,,,,,,,
,5,F2,39 x 39 -43,21_150,89.5,89.5,1.87,2.25,,,,,,,,,,,,
,5,G2,39 x 39 -44,21_151,21.5,21.5,1.88,1.34,,,,,,,,,,,,
,5,H2,39 x 39 -45,21_152,109,109,1.85,2.15,,,,,,,,,,,,
,5,A3,39 x 39 -47,21_153,71.2,71.2,1.87,2.09,,,,,,,,,,,,
,5,B3,39 x 39 -62,21_159,18.3,18.3,1.87,2.36,,,,,,,,,,,,
,5,C3,39 x 39 -70,21_163,19.8,19.8,1.85,2.17,,,,,,,,,,,,
,5,D3,39 x 39 -71,21_164,53,530,1.93,2.34,,,,,,,,,,,,
,5,E3,39 x 39 -73,21_165,28,277,1.92,2.36,,,,,,,,,1:10,2.77,,
,5,F3,39 x 39 -75,21_166,21,209,1.91,2.4,,,,,,,,,1:10,2.09,,
,5,G3,39 x 39 -78,21_167,23,234,1.89,2.37,,,,,,,,,1:10,2.34,,
,5,H3,39 x 39 -88,21_168,20,204,1.9,2.35,,,,,,,,,1:10,2.04,,
,5,A4,39 x 39 -90,21_169,36,364,1.92,2.31,,,,,,,,,,,,
,5,B4,39 x 39 -93,21_170,55,550,1.9,2.32,,,,,,,,,,,,
,5,C4,39 x 39 -94,21_171,29,286,1.87,2.3,,,,,,,,,,,,
,5,D4,39 x 39 -96,21_172,35,353,1.87,2.31,,,,,,,,,1:10,3.53,,
,5,E4,39 x 39 -98,21_173,51,510,1.89,2.33,,,,,,,,,,,,
,5,F4,39 x 39 -103,21_175,17,168,1.89,2.17,,,,,,,,,,,,
,5,G4,39 x 39 -105,21_177,12,115,1.86,2.19,,,,,,,,,,,,
,5,H4,39 x 39 -110,21_180,47.6,47.6,1.87,2.4,,,,,,,,,,,,
,5,A5,39 x 39 -111,21_181,41.7,41.7,1.88,2.33,,,,,,,,,,,,
,5,B5,39 x 39 -118,21_187,80.2,80.2,1.91,2.17,,,,,,,,,,,,
,5,C5,39 x 39 -120,21_189,13,131,1.86,2.18,,,,,,,,,,,,
,5,D5,39 x 39 -123,21_192,80.9,80.9,2.09,2.03,,,,,,,,,,,"we already have it plate 2, but it was low quality, so I'm keeping it here as well",
,5,E5,39 x 39 -125,21_193,82.2,82.2,1.97,2.18,,,,,,,,,,,,
,5,F5,39 x 39 -126,21_194,56,56,2.03,2.3,,,,,,,,,,,,
,5,G5,39 x 39 -127,21_195,54.5,54.5,2.03,2.16,,,,,,,,,,,,
,5,H5,39 x 39 -130,21_198,27.6,27.6,1.88,2.23,,,,,,,,,1:10,2.76,,
,5,A6,39 x 39 -132,21_200,25,25,1.87,2.07,,,,,,,,,1:10,2.5,,
,5,B6,39 x 39 -136,21_204,41,41,1.83,1.99,,,,,,,,,1:10,4.1,,
,5,C6,39 x 39 -137,21_205,26.8,26.8,1.8,2.19,,,,,,,,,1:10,2.68,,
,5,D6,39 x 39 -138,21_206,12.7,12.7,1.74,2.04,,,,,,,,,1:10,1.27,,
,5,E6,39 x 39 -139,21_207,14.1,14.1,1.78,2.3,,,,,,,,,1:10,1.41,,
,5,F6,39 x 39 -140,21_208,14.3,14.3,1.79,2.17,,,,,,,,,1:10,1.43,,
,5,G6,39 x 39 -141,21_209,71,71,1.83,2.25,,,,,,,,,1:10,7.1,,
,5,H6,39 x 39 -143,21_211,27.6,27.6,1.84,2.26,,,,,,,,,1:10,2.76,,
,5,A7,39 x 39 -144,21_212,41.9,41.9,1.82,2.4,,,,,,,,,1:10,4.19,,
,5,B7,62 x 62 -53,21_213,50.8,50.8,1.83,2.28,,,,,,,,,1:10,5.08,,
,5,C7,62 x 62 -69,21_215,26.2,26.2,1.78,2.42,,,,,,,,,1:10,2.62,,
,5,D7,62 x 62 -77,22_191,50,50,1.86,2.14,,,,,,,,,,,,
,5,E7,39 x 39 -08,21_217,46.9,46.9,1.93,2.38,,,,,,,,,,,,
,5,F7,39 x 39 -13,21_218,46,46,1.89,2.23,,,,,,,,,,,,
,5,G7,39 x 39 -15,21_219,44.2,44.2,1.91,2.37,,,,,,,,,,,,
,5,H7,39 x 39 -22,21_220,50,50,1.91,2.35,,,,,,,,,,,,
,5,A8,39 x 39 -23,21_221,53,53,1.92,2.43,,,,,,,,,,,,
,5,B8,39 x 39 -25,21_222,57,57,1.88,2.22,,,,,,,,,,,,
,5,C8,39 x 39 -39,21_223,53,53,1.9,2.4,,,,,,,,,,,,
,5,D8,39 x 39 -48,21_224,55,55,1.88,2.38,,,,,,,,,,,,
,5,E8,39 x 39 -63,21_225,8.31,83.1,1.88,2.37,,,,,,,,,1:10,8.31,,
,5,F8,39 x 39 -117,21_226,10.2,102,1.89,2.35,,,,,,,,,1:10,10.2,"this is a duplicate, but I'm keeping it in because the original in plate 2 looks sketchy and it has 7/7",
,5,G8,JH0165_SLF_02,21_228,11.9,119,1.89,2.39,,,,,,,,,1:10,11.9,,
,5,H8,JH0165_SLF_05,21_229,83,82.6,1.89,2.4,,,,,,,,,1:10,8.26,,
,5,A9,JH0165_SLF_15,21_231,54,54,1.87,2.35,,,,,,,,,,,,
,5,B9,JH0165_SLF_26,21_232,24.6,246,1.9,2.38,,,,,,,,,1:10,24.6,,
,5,C9,JH0249,21_234,98.9,98.9,1.88,2.38,,,,,,,,,1:10,9.89,,
,5,D9,JH0165_SLF_004,21_235,19.5,195,1.89,2.34,,,,,,,,,1:10,19.5,,
,5,E9,JH0165_SLF_007,21_236,57.3,57.3,1.91,2.29,,,,,,,,,1:10,5.73,,
,5,F9,JH0165_SLF_008,21_237,17.1,171,1.9,2.39,,,,,,,,,1:10,17.1,,
,5,G9,JH0165_SLF_009,21_238,12,120,1.92,2.34,,,,,,,,,1:10,12,,
,5,H9,JH0165_SLF_010,21_239,82.5,82.5,1.91,2.34,,,,,,,,,1:10,8.25,,
,5,A10,JH0165_SLF_013,21_240,81.3,81.3,1.91,2.24,,,,,,,,,1:10,8.13,,
,5,B10,JH0165_SLF_019,21_241,10.8,108,1.9,2.36,,,,,,,,,1:10,10.8,,
,5,C10,JH0165_SLF_024,21_242,20,200,1.89,2.35,,,,,,,,,1:10,20,,
,5,D10,JH0165_SLF_016,21_259,25.5,25.5,1.78,1.48,,,,,,,,,,,,
,5,E10,JH0165_SLF_022,21_260,35.8,35.8,1.83,1.85,,,,,,,,,,,,
,5,F10,JH0165_SLF_023,21_261,57,57,1.81,1.75,,,,,,,,,,,,
,5,G10,JH0165_SLF_006,21_279,60,60,1.9,2.44,,,,,,,,,,,,
,5,H10,JH0165_SLF_011,21_280,36.1,36.1,1.9,2.65,,,,,,,,,1:10,3.61,,
,5,A11,JH0165_SLF_014,21_281,50.7,50.7,1.89,2.61,,,,,,,,,1:10,5.07,,
,5,B11,JH0165_SLF_018,21_282,34.4,34.4,1.89,2.58,,,,,,,,,1:10,3.44,,
,5,C11,JH0165_SLF_021,21_283,22.5,22.5,1.88,2.61,,,,,,,,,1:10,2.25,,
,5,D11,JH0165_SLF_025,21_284,13,13,1.86,2.6,,,,,,,,,1:10,1.3,,
,5,E11,Costus lasius x bracteatus #62,22_030,25.6,256,1.87,2.19,,,,,,,,,1:10,25.6,,
,5,F11,165_26_06,22_031,48.3,483,1.86,2.19,,,,,,,,,1:10,48.3,"didn't do well in sequencing, resequence? very fast germination",
,5,G11,165_26_09,22_032,24.3,243,1.83,2.1,,,,,,,,,1:10,24.3,,
,5,H11,165_26B_14,22_033,16.2,16.2,1.71,1.99,,,,,,,,,,,"didn't do well in sequencing, resequence? very fast germination",
,5,A12,165_26B_15,22_034,37.8,378,1.84,2.07,,,,,,,,,1:10,37.8,,
,5,B12,165_26B_19,22_035,12.3,123,1.76,1.63,,,,,,,,,1:10,12.3,,
,5,C12,165_26B_24,22_036,34.6,346,1.83,1.83,,,,,,,,,1:10,34.6,,
,5,D12,165_26B_26,22_037,34.5,345,1.82,1.97,,,,,,,,,1:10,34.5,,
,5,E12,165_26_27,22_038,60,60,1.75,1.83,,,,,,,,,1.82,,,
,5,F12,165_26_28,22_039,19,,1.86,2.23,,,,,,,,,1:10,19,,
,5,G12,165_26_31,22_040,5.48,,1.87,2.16,,,,,,,,,1:10,5.48,use original,
,5,H12,165_26B_49,22_043,35.5,35.5,1.74,2.07,,,,,,,,,,,,
,6,A1,165_26B_52,22_044,12.2,122,1.85,1.7,,,,,,,,,1:10,12.2,,
,6,B1,165_26_72,22_050,40.5,40.5,1.72,2.17,,,,,,,,,,,,
,6,C1,165_26_87,22_052,45.3,45.3,1.75,1.62,,,,,,,,,,,,
,6,D1,165_26B_66,22_054,53,53,1.89,2.33,,,,,,,,,,,,
,6,E1,165_26B_99,22_055,42.8,42.8,1.9,2.27,,,,,,,,,,,,
,6,F1,165_26B_78,22_056,56,56,1.75,1.51,,,,,,,,,,,,
,6,G1,165_26_07,22_058,53,53,1.88,2.26,,,,,,,,,,,,
,6,H1,165_26B_23,22_061,47.5,47.5,1.85,2.23,,,,,,,,,,,,
,6,A2,165_26_88,22_066,43.5,43.5,1.86,2.22,,,,,,,,,,,,
,6,B2,165_26_42,22_068,59,59,1.87,2.29,,,,,,,,,,,,
,6,C2,165_26_38,22_070,37.4,37.4,1.83,2.21,,,,,,,,,,,,
,6,D2,165_26_32,22_072,39.4,39.4,1.85,2.25,,,,,,,,,,,,
,6,E2,165_26_35,22_074,52,52,1.87,2.32,,,,,,,,,,,,
,6,F2,165_26_05,22_076,60,60,1.86,2.21,,,,,,,,,,,,
,6,G2,165_26B_45,22_077,16.9,16.9,1.87,2.38,,,,,,,,,1:10,1.69,,
,6,H2,165_26B_48,22_078,10.4,104,1.86,2.45,,,,,,,,,1:10,10.4,,
,6,A3,165_26B_60,22_080,90.9,90.9,1.88,2.5,,,,,,,,,1:10,9.09,,
,6,B3,165_26B_84,22_081,31,31,1.87,2.45,,,,,,,,,1:10,3.1,,
,6,C3,165_26B_92,22_083,14.8,148,1.87,2.49,,,,,,,,,1:10,14.8,,
,6,D3,165_26_29,22_085,30.5,305,1.87,2.42,,,,,,,,,1:10,30.5,,
,6,E3,165_26_7,22_086,31.7,31.7,1.87,2.48,,,,,,,,,1:10,3.17,,
,6,F3,165_26_39,22_087,96.5,96.5,1.87,2.43,,,,,,,,,1:10,9.65,,
,6,G3,165_26B_76,22_088,42.4,42.4,1.8,1.6,,,,,,,,,,,,
,6,H3,165_26_73,22_089,51,51,1.85,2.12,,,,,,,,,,,,
,6,A4,165_26_41,22_096,59,59,1.82,2.17,,,,,,,,,,,,
,6,B4,165_26_30,22_097,52,52,1.77,1.66,,,,,,,,,,,,
,6,C4,JH185_26B_99,22_101,39.7,39.7,1.89,2.69,,,,,,,,,,,,
,6,D4,165_26_56,22_102,46.1,46.1,1.88,2.97,,,,,,,,,,,,
,6,E4,165_26B_85,22_103,30.5,30.5,1.83,2.95,,,,,,,,,,,,
,6,F4,165_26C_110,22_108,55,55,1.85,2.73,,,,,,,,,,,,
,6,G4,165_26B_100,22_109,47.6,47.6,1.84,3.15,,,,,,,,,,,,
,6,H4,165_26_103,22_110,52,52,1.87,2.89,,,,,,,,,,,,
,6,A5,165_26_93,22_111,48.6,48.6,1.87,2.8,,,,,,,,,,,,
,6,B5,165_26B_81,22_112,9,,1.88,2.46,,,,,,,,,1:10,8.81,,
,6,C5,165_26B_83,22_113,59,59,1.87,2.97,,,,,,,,,,,,
,6,D5,165_26B_46,22_115,29.8,29.8,1.81,1.83,,,,,,,,,,,,
,6,E5,165_26B_86,22_119,35.9,35.9,1.85,2.33,,,,,,,,,,,,
,6,F5,165_26_96,22_120,14.9,14.9,1.75,2.12,,,,,,,,,,,,
,6,G5,165_26_69,22_121,24.2,24.2,1.82,2.25,,,,,,,,,,,,
,6,H5,165_26_40,22_123,45.8,45.8,1.84,2.15,,,,,,,,,,,,
,6,A6,165_26B_80,22_124,14,14,1.72,1.5,,,,,,,,,,,,
,6,B6,165_26B_79,22_125,39.1,39.1,1.78,1.65,,,,,,,,,,,,
,6,C6,165_26c_112,22_127,58,58,1.89,2.18,,,,,,,,,,,,
,6,D6,165_26c_102,22_128,52,52,1.87,2.2,,,,,,,,,,,,
,6,E6,165_26_117,22_129,46.9,46.9,1.87,2.08,,,,,,,,,,,,
,6,F6,165_26c_109,22_130,26.5,26.5,1.85,1.72,,,,,,,,,,,,
,6,G6,165_26C_123,22_131,31.5,31.5,1.87,2.01,,,,,,,,,,,,
,6,H6,165_26_116,22_132,54,54,1.87,2.07,,,,,,,,,,,,
,6,A7,165_26c_113,22_135,53,53,1.87,2.11,,,,,,,,,,,,
,6,B7,165_26_95,22_136,38.9,38.9,1.83,1.74,,,,,,,,,,,,
,6,C7,165_26c_106,22_137,32,32,1.86,1.86,,,,,,,,,,,,
,6,D7,165_26e_157,22_138,53,53,1.88,2.23,,,,,,,,,,,,
,6,E7,165_26c_132,22_139,55,55,1.85,1.99,,,,,,,,,,,,
,6,F7,165_26d_156,22_140,55,55,1.84,1.97,,,,,,,,,,,,
,6,G7,165_26d_148,22_141,49.7,49.7,1.86,2.11,,,,,,,,,,,,
,6,H7,165_26e_140,22_142,59,59,1.86,2.16,,,,,,,,,,,,
,6,A8,165_26e_138,22_143,59,59,1.86,2.1,,,,,,,,,,,,
,6,B8,165_26d_154,22_144,11.2,11.2,1.82,1.84,,,,,,,,,,,,
,6,C8,165_26d_187,22_145,17.4,17.4,1.78,1.42,,,,,,,,,,,,
,6,D8,165_26e_190,22_146,48,48,1.87,2.09,,,,,,,,,,,,
,6,E8,165_26d_170,22_147,too high,,1.86,2.13,,,,,,,,,,,too high concentration for qubit,
,6,F8,165_31d_86,22_148,too high ,,1.86,2.18,,,,,,,,,,,too high concentration for qubit,
,6,G8,165_26d_161,22_149,58,58,1.85,2,,,,,,,,,,,,
,6,H8,62 x 62 -43,19_667,28.4,28.4,1.88,1.73,,,,,,,,,1:10,2.84,why are all of these concentrations the original divided by 100?,
,6,A9,62 x 62 -48,19_685,11.5,11.5,1.85,1.38,,,,,,,,,1:10,1.15,,
,6,B9,62 x 62 -63,19_700,20.1,20.1,1.83,1.69,,,,,,,,,1:10,2.01,,
,6,C9,62 x 62 -68,19_705,50,50,1.89,2.07,,,,,,,,,1:10,5,,
,6,D9,62 x 62 -70,19_707,10.6,10.6,1.94,1.58,,,,,,,,,1:10,1.06,,
,6,E9,62 x 62 -71,19_708,33.2,33.2,1.89,1.86,,,,,,,,,1:10,3.32,,
,6,F9,62 x 62 -73,19_710,12.3,123,1.87,2.21,,,,,,,,,1:10,12.3,,
,6,G9,62 x 62 -74,19_711,33,32.9,1.86,1.82,,,,,,,,,1:10,3.29,,
,6,H9,62 x 62 -79,19_716,32,31.8,1.83,1.82,,,,,,,,,,,,
,6,A10,62 x 62 -84,19_732,30.2,302,1.88,2.36,,,,,,,,,1:10,30.2,,
,6,B10,62 x 62 -86,19_734,22.4,224,1.88,2.34,,,,,,,,,1:10,22.4,,
,6,C10,39 x 39 -80,21_055,21.8,218,1.89,2.18,,,,,,,,,1:10,21.8,,
,6,D10,39 x 39 -76,21_056,34,33.7,1.81,1.27,,,,,,,,,1:10,3.37,,
,6,E10,39 x 39 -69,21_057,11,10.5,1.87,2.24,,,,,,,,,1:10,1.05,,
,6,F10,39 x 39 -65,21_058,12,11.8,1.87,2.21,,,,,,,,,1:10,1.18,,
,6,G10,39 x 39 -64,21_059,12,119,1.88,2.28,,,,,,,,,1:10,1.19,,
,6,H10,39 x 39 -58,21_060,54,540,1.87,2.29,,,,,,,,,1:10,54,,
,6,A11,39 x 39 -46,21_061,12,12.3,1.88,2.24,,,,,,,,,1:10,1.23,,
,6,B11,62 x 62 -76,21_063,43,43,1.87,2.02,,,,,,,,,,,,
,6,C11,62 x 62 -80,21_064,36.7,36.7,1.85,2.02,,,,,,,,,,,,
,6,D11,62 x 62 -278,21_067,40,40,1.86,2.15,,,,,,,,,,,,
,6,E11,62 x 62 -281,21_068,42,42,1.85,1.94,,,,,,,,,,,,
,6,F11,62 x 62 -287,21_073,30.7,30.7,1.82,1.76,,,,,,,,,,,,
,6,G11,62 x 62 -288,21_074,57,57,1.83,1.93,,,,,,,,,,,,
,6,H11,39 x 39 -27,21_075,25.1,25.1,1.85,1.88,,,,,,,,,,,,
,6,A12,39 x 39 -34,21_076,35.2,35.2,1.89,2.33,,,,,,,,,,,,
,6,B12,39 x 39 -57,21_078,30.1,30.1,1.88,2.09,,,,,,,,,,,,
,6,C12,39 x 39 -61,21_079,39.1,39.1,1.88,2.22,,,,,,,,,,,,
,6,D12,39 x 39 -77,21_081,44.7,44.7,1.87,2.02,,,,,,,,,,,,
,6,E12,39 x 39 -72,21_084,27.9,27.9,1.89,1.85,,,,,,,,,,,,
,6,F12,39 x 39 -79,21_086,27.9,27.9,1.89,1.85,,,,,,,,,,,,
,6,G12,39 x 39 -85,21_087,25.5,25.5,1.83,1.79,,,,,,,,,,,,
,6,H12,39 x 39 -86,21_088,41.8,41.8,1.85,1.97,,,,,,,,,,,,
,7,A1,39 x 39 -89,21_089,32,31.9,1.86,1.79,,,,,,,,,,,,
,7,B1,39 x 39 -100,21_091,28,27.5,1.86,1.7,,,,,,,,,,,,
,7,C1,39 x 39 -124,21_092,30,30.4,1.84,1.93,,,,,,,,,,,,
,7,D1,62 x 62 -56,21_094,38,37.6,1.84,1.95,,,,,,,,,,,,
,7,E1,62 x 62 -57,21_095,10,10.3,1.93,2.28,,,,,,,,,1:10,1.03,,
,7,F1,62 x 62 -59,21_097,78,78.4,1.92,2.15,,,,,,,,,2:40,0.784,,
,7,G1,62 x 62 -60,21_098,18,17.8,1.92,2.32,,,,,,,,,1:10,1.78,,
,7,H1,62 x 62 -62,21_099,12.5,125,1.88,2.02,,,,,,,,,1:10,12.5,,
,7,A2,62 x 62 -282,21_108,16,15.9,1.9,2.35,,,,,,,,,1:10,1.59,,
,7,B2,62 x 62 -283,21_109,11.8,118,1.9,2.02,,,,,,,,,1:10,11.8,,
,7,C2,62 x 62 -284,21_110,12,11.8,1.89,2.29,,,,,,,,,1:10,1.18,,
,7,D2,62 x 62 -285,21_111,13.9,139,1.88,2.25,,,,,,,,,1:10,13.9,,
,7,E2,62 x 62 -286,21_112,14,140,1.88,2.24,,,,,,,,,1:10,14,,
,7,F2,39 x 39 -1,21_116,57,57,1.87,2.12,,,,,,,,,,,,
,7,G2,39 x 39 -2,21_117,54,54,1.85,2.22,,,,,,,,,,,,
,7,H2,39 x 39 -3,21_118,51,51,1.86,2.32,,,,,,,,,,,,
,7,A3,39 x 39 -4,21_119,79.6,79.6,1.85,2.26,,,,,,,,,1:10,7.96,,
,7,B3,39 x 39 -5,21_120,105,105,1.87,2.47,,,,,,,,,,,,
,7,C3,39 x 39 -6,21_121,10.8,108,1.87,2.54,,,,,,,,,1:10,10.8,did we end up using original or dilution for this one?,
,7,D3,39 x 39 -7,21_122,14.7,14.7,1.88,2.34,,,,,,,,,1:10,1.47,,
,7,E3,39 x 39 -9,21_124,19,185,1.87,2.49,,,,,,,,,1:10,18.5,,
,7,F3,39 x 39 -10,21_125,58,58,1.87,2.33,,,,,,,,,,,,
,7,G3,39 x 39 -11,21_126,56,56,1.87,2.38,,,,,,,,,,,,
,7,H3,39 x 39 -14,21_129,57,57,1.87,2.45,,,,,,,,,,,,
,7,A4,165_26d_141,22_150,48,48.4,2,2.42,,,,220907,"ME, AK",,,,,,,
,7,B4,165_26d_125,22_151,15,15,1.78,1.39,,,,220907,"ME, AK",,,,,,,
,7,C4,165_26c_146,22_152,41,40.7,1.69,2.64,,,,220907,"ME, AK",,,,,,,
,7,D4,165_26b_183,22_153,14,14.4,1.75,1.71,,,,220907,"ME, AK",,,,,,,
,7,E4,165_26d_165,22_154,9,9.42,1.71,1.59,,,,220907,"ME, AK",,,,,,,
,7,F4,165_26d_155,22_155,36,36.1,1.79,1.95,,,,220907,"ME, AK",,,,,,,
,7,G4,165_26c_160,22_156,44,43.5,1.84,2.15,,,,220907,"ME, AK",,,,,,,
,7,H4,165_26d_150,22_157,52,52,1.82,2.01,,,,220907,"ME, AK",,,,,,,
,7,A5,165_26c_131,22_158,7,7.03,1.76,1.72,,,,220907,"ME, AK",,,,,,,
,7,B5,165_26d_126,22_161,7,7.34,1.73,1.69,,,,220907,"ME, AK",,,,,,,
,7,C5,165_26c_130,22_162,13,too high,1.79,2.52,,,,220907,"ME, AK",,,,1:10,12.5,,
,7,D5,165_26c_145,22_163,60,60,1.83,2.18,,,,220907,"ME, AK",,,,,,,
,7,E5,165_26c_118,22_164,10,too high,1.76,2.42,,,,220907,"ME, AK",,,,1:10,9.64,,
,7,F5,165_26c_144,22_165,27,27,1.79,1.74,,,,220907,"ME, AK",,,,,,,
,7,G5,165_26d_153,22_166,12,11.7,1.78,1.81,,,,220907,"ME, AK",,,,,,,
,7,H5,165_26d_127,22_167,22,22.1,1.8,1.8,,,,220907,"ME, AK",,,,,,,
,7,A6,165_26d_178,22_168,19,19,1.73,1.74,,,,220907,"ME, AK",,,,,,,
,7,B6,165_26e_158,22_169,21,21.1,1.77,1.95,,,,220907,"ME, AK",,,,,,,
,7,C6,165_26d_171,22_170,47,47.3,1.8,2.11,,,,220907,"ME, AK",,,,,,,
,7,D6,165_26d_175,22_171,9,8.72,1.66,1.59,,,,220907,"ME, AK",,,,,,,
,7,E6,165_26c_121,22_172,56,56,1.82,2.12,,,,220907,"ME, AK",,,,,,,
,7,F6,39 x 39 -82,21_054,19.5,19.5,1.91,2.24,,,,,,,,,,,,
,7,G6,62 x 62 -34,19_657,3.1,3.1,1.38,1.05,,,,,,,,,,,,
,7,H6,62 x 62 -35,19_658,5.4,5.4,1.5,1.6,,,,,,,,,,,,
,7,A7,62 x 62 -37,19_660,4.7,4.7,1.37,1.4,,,,,,,,,,,,
,7,B7,62 x 62 -40 ,19_663,14.7,14.7,1.66,1.83,,,,,,,,,,,,
,7,C7,62 x 62 -44,19_668,3.6,3.6,2.11,1.21,,,,,,,,,,,,
,7,D7,62 x 62 -126,22_190,21,,1.9,2.39,,,,,,,,,1:10,40.4,,
,7,E7,39 x 39 -55,22_192,78,78.1,1.82,2.3,,,,,,,,,1:10,13.4,,
,7,F7,62 x 62 -58,21_014,29.6,29.6,1.89,2.26,,,,,,,,,,,,
,7,G7,39 x 39 -81,22_193,80,79.5,1.77,2.11,,,,,,,,,1:10,0.9,,
,7,H7,Costus bracteatus x lasius #39,22_194,52,52,1.82,1.88,,,,,,,,,,,,
,7,A8,165_26D_173,22_174,36,36.1,1.83,2.15,,,,,,,,,,,,
,7,B8,165_26D_176,22_175,12,12.1,1.84,1.66,,,,,,,,,,,,
,7,C8,165_26D_151,22_176,89,88.8,1.87,2.38,,,,,,,,,,,,
,7,D8,165_26D_164,22_177,40,39.9,1.85,2.06,,,,,,,,,,,,
,7,E8,165_26C_129,22_178,58,58,1.87,2.31,,,,,,,,,,,,
,7,F8,165_26C_114,22_179,14,13.8,1.8,1.75,,,,,,,,,,,,
,7,G8,165_26E_179,22_180,12,12.2,1.8,1.71,,,,,,,,,,,,
,7,H8,165_26B_191,22_181,17,17.4,1.83,1.79,,,,,,,,,,,,
,7,A9,165_26B_77,22_182,3,2.76,1.77,1.06,,,,,,,,,,,,
,7,B9,165_26D_186,22_183,10,10.4,1.79,1.56,,,,,,,,,,,"didn't do well in sequencing, resequence? good dry down data...",
,7,C9,165_26E_180,22_184,15,15.3,1.8,1.46,,,,,,,,,,,,
,7,D9,165_26D_152,22_185,30,30.3,1.79,1.72,,,,,,,,,,,,
,7,E9,165_26D_162,22_186,5,5.42,1.73,1.53,,,,,,,,,,,,
,7,F9,165_26D_124,22_187,6,5.82,1.74,1.5,,,,,,,,,,,,
,7,G9,165_26E_167,22_188,5,4.78,1.76,1.5,,,,,,,,,,,,
,7,H9,165_26B_168,22_189,3,2.63,1.68,1.25,,,,,,,,,,,,
,7,A10,165_009_45,22_195,55,55,1.82,2.01,,,,,,,,,,,,
,7,B10,165_009B_41,22_196,52,52,1.83,2,Try to find in freezer: ,,,,,,,,,,,
,7,C10,165_26C_210,22_197,19,18.6,1.74,1.51,21-014,,,,,,,,,,,
,7,D10,165_009_55,22_199,17,17,1.67,1.16,19-651,automatically add to plates,,,,,,,,,,
,7,E10,165_009B_03,22_200,54,54,1.78,1.63,19-690,automatically add to plates,,,,,,,,,,
,7,F10,165_009_73,22_201,4,3.83,1.57,0.74,,,,,,,,,,,,
,7,G10,165_26E_196,22_202,13,13,1.69,1.17,,,,,,,,,,,,
,7,H10,165_009_47,22_203,36,35.6,1.79,1.57,,,,,,,,,,,,
,7,A11,165_009_16,22_204,26,26.2,1.73,1.33,,,,,,,,,,,,
,7,B11,165_009B_70,22_205,13,12.8,1.75,1,,,,,,,,,,,,
,7,C11,165_009_80,22_206,35,35.2,1.74,1.37,,,,,,,,,,,,
,7,D11,165_26B_207,22_207,41,41.1,1.79,1.64,,,,,,,,,,,,
,7,E11,165_009_48,22_208,25,24.6,1.8,1.58,,,,,,,,,,,,
,7,F11,165_009_17,22_209,67,66.9,1.83,1.88,,,,,,,,,,,,
,7,G11,165_26E_198,22_210,31,31.4,1.77,1.43,,,,,,,,,,,,
,7,H11,165_009B_35,22_211,33,33.2,1.8,1.6,,,,,,,,,,,,
,7,A12,165_26E_199,22_212,91,91.4,1.86,2.05,,,,,,,,,,,,
,7,B12,165_26E_201,22_213,12,12.2,1.76,1.19,,,,,,,,,,,,
,7,C12,165_009_26,22_214,16,15.8,1.74,1.2,,,,,,,,,,,,
,7,D12,165_26D_192,22_215,11,11.3,1.73,1.07,,,,,,,,,,,,
,7,E12,165_009_79,22_217,53,53,1.81,1.88,,,,,,,,,,,,
,7,F12,165_009B_66,22_218,17,127.7,1.76,1.85,,,,,,,,,1:05,17.2,,
,7,G12,165_009_13,22_221,45,44.9,1.81,1.53,,,,,,,,,,,,
,7,H12,BLANK,BLANK,BLANK,BLANK,BLANK,BLANK,,,,,,,,,,,,
2-Jan,8,A1,165_009_52,22_222,44,44,1.85,1.76,,,,,,,,,,,fine,
7-Jan,8,B1,165_009_20,22_227,36,35.6,1.86,1.89,,,,,,,,,,,fine,
4-Feb,8,C1,KG82WILSLC,22_234 (2),23.3,-,1.86,2.2,,,,,,,,,,23.3,Costus wilsonii LC,234.1
6-Feb,8,D1,KG62WILSLC,22_235 (2),12,-,1.85,2.05,,,,,,,,,,12,Costus wilsonii LC,141.9
8-Feb,8,E1,KG64WILSLC,22_236 (2),22.7,-,1.86,2.17,,,,,,,,,,22.7,Costus wilsonii LC,229.2
10-Feb,8,F1,KG76WILSLC,22_237 (2),20.5,-,1.87,2.2,,,,,,,,,,20.5,Costus wilsonii LC,238.4
12-Feb,8,G1,KG74WILSLC,22_238 (2),39,-,1.87,2.32,,,,,,,,,,39,Costus wilsonii LC,402.7
14-Feb,8,H1,KG84WILSLC,22_239 (2),24.2,-,1.88,2.34,,,,,,,,,,24.2,Costus wilsonii LC,249.7
16-Feb,8,A2,KG61WILSLC,22_240 (2),9,-,1.82,1.9,,,,,,,,,,9,Costus wilsonii LC,118.7
18-Feb,8,B2,KG69WILSLC,22_241 (2),10.7,-,1.85,2.05,,,,,,,,,,10.7,Costus wilsonii LC,132.4
20-Feb,8,C2,PJ131WILSLA,22_242 (2),16.8,-,1.85,2.09,,,,,,,,,,16.8,Costus wilsonii LA,202.4
21-Feb,8,D2,PJ130WILSLA,22_243(2),13,-,1.91,2.09,,,,,,,,,,13.1,Costus wilsonii LA,196.3
23-Feb,8,E2,KG39WILSLA,22_244 (2),47.4,-,1.95,2.25,,,,,,,,,,47.4,Costus wilsonii LA,357
24-Feb,8,F2,PJ132WILSLA,22_245,85,85,1.91,1.97,,,,,,,,,,,Costus wilsonii LA,
26-Feb,8,G2,KG83WILSLC,22_246 (2),9.06,-,1.84,1.92,,,,,,,,,,9.06,Costus wilsonii LC,114.2
28-Feb,8,H2,PJ114WILSLA,22_247 (2),31.7,-,1.91,2.17,,,,,,,,,,31.7,Costus wilsonii LA,300
Feb-30,8,A3,KG54LA,22_248 (2),29.6,-,1.85,2.2,,,,,,,,,,29.6,Costus wilsonii LA,316.2
Feb-32,8,B3,KG53LA,22_249(2),9,-,1.93,1.97,,,,,,,,,,9.06,Costus wilsonii LA,178.6
Feb-34,8,C3,KG50LA,22_250 (2),10.6,-,1.83,2.01,,,,,,,,,,10.6,Costus wilsonii LA,131.2
Feb-36,8,D3,LA_KG46,22_251 (2),47.3,-,1.88,2.2,,,,,,,,,,47.3,Costus wilsonii LA,507.2
Feb-37,8,E3,KG49LA,22_252 (2),16,-,1.92,2.08,,,,,,,,,,16,Costus wilsonii LA,233.5
Feb-39,8,F3,LA_KG48,22_253 (2),41.5,-,1.88,2.23,,,,,,,,,,41.5,Costus wilsonii LA,468.2
Feb-40,8,G3,KG40LA,22_254 (2),11,-,1.93,2.07,,,,,,,,,,10.6,Costus wilsonii LA,193.2
Feb-42,8,H3,KG59LA,22_255 (2),34.2,-,1.88,2.14,,,,,,,,,,34.2,Costus wilsonii LA,258.7
Feb-44,8,A4,KG52LA,22_256 (2),23.7,-,1.9,2.16,,,,,,,,,,23.7,Costus wilsonii LA,313.8
Feb-46,8,B4,KG58LA,22_257 (2),24,-,1.88,2.26,,,,,,,,,,24,Costus wilsonii LA,274.2
Feb-47,8,C4,KG41LA,22_258 (2),8.95,too high,1.77,1.64,,,,,,,,,,8.95,Costus wilsonii LA,
Feb-48,8,D4,KG? (repeat) (see notes),22_259,49.1,49.1,1.91,1.84,,,,,,,,,,,Costus wilsonii LA,
Feb-50,8,E4,see notes on main sheet,22_260 (2),30.6,-,1.97,2.19,,,,,,,,,,30.6,Costus wilsonii LA,472.3
Feb-52,8,F4,see notes on main sheet,22_261 (2),19.9,-,1.82,1.99,,,,,,,,,,19.9,Costus wilsonii LA,197
Feb-54,8,G4,see notes on main sheet,22_262 (2),10.6,-,1.84,1.91,,,,,,,,,,10.6,Costus wilsonii LA,159.5
Feb-56,8,H4,see notes on main sheet,22_263 (2),31.6,-,1.87,2.12,,,,,,,,,,31.6,Costus laevis,359
2-Mar,8,A5,165_016C_52,22_264,97.3,97.3,1.86,2.01,,,,,,,,,,6.2,fine,
3-Mar,8,B5,165_016_55,22_265( 3),15.66,15.66 x 5,1.8,1.99,,,,,,,,,,15.66,fine,
4-Mar,8,C5,165_025B_34,22_266,18.9,18.9,1.75,1.8,,,,,,,,,,,fine,
5-Mar,8,D5,165_025B_31,22_267,36.5,36.5,1.76,1.79,,,,,,,,,,,fine,
6-Mar,8,E5,165_016_16,22_268 (2),11.7,-,1.82,1.97,,,,,,,,,,11.7,fine,139.6
7-Mar,8,F5,165_025B_53,22_269,51,51,1.81,1.88,,,,,,,,,,,fine,
8-Mar,8,G5,165_016c_49,22_270 (2),13.5,-,1.81,1.89,,,,,,,,,,13.5,fine,111.9
9-Mar,8,H5,165_016c_63,22_271 (2),15.2,-,1.81,1.9,,,,,,,,,,15.2,fine,129.2
27-May,8,A6,165_009_108,23-068,17.6,17.6,1.76,1.57,,,,,,,,,,,fine,
11-Mar,8,B6,165_016c_54,22_273 (2),11.7,-,1.81,1.93,,,,,,,,,,11.7,fine,150
12-Mar,8,C6,165_016c_66,22_274 (2),19.1,19.1 x 5,1.83,1.98,,,,,,,,,,19.1,fine,102.6
13-Mar,8,D6,165_016c_59,22_275 (2),14.6,-,1.82,1.96,,,,,,,,,,14.6,fine,118.7
15-Mar,8,E6,165_025_16,22_277 (2),20.3,20.3 x 5,1.8,1.86,,,,,,,,,,20.3,fine,112.2
16-Mar,8,F6,165_025_28,22_278,92.3,92.3,1.77,1.56,,,,,,,,,,,fine,
17-Mar,8,G6,165_025b_40,22_279 (3),15.56,15.56 x 5,1.8,1.86,,,,,,,,,,15.56,fine,100.9
20-Mar,8,H6,165_016_02,22_282 (3),15.25,15.25 x 5,1.79,1.93,,,,,,,,,,15.25,fine,
21-Mar,8,A7,165_016_07,22_283 (2),16.47,16.47 x10,1.81,1.95,,,,,,,,,,16.47,fine,
22-Mar,8,B7,165_025_04,22_284 (3),27.79,27.79 x 5,1.81,2.1,,,,,,,,,,27.79,fine,
23-Mar,8,C7,165_016B_25,22_285 (2),16.05,16.05 x 10,1.82,2.12,,,,,,,,,,16.05,fine,
24-Mar,8,D7,165_016B_26,22_286 (3),19.96,19.96 x 5,1.83,2.07,,,,,,,,,,19.96,fine,
25-Mar,8,E7,165_016_19,22_287 (2),29.51,29.51 x 10,1.84,2.3,,,,,,,,,,29.51,fine,
26-Mar,8,F7,165_016B_23,22_288 (2),15.09,15.09 x 10,1.82,2.11,,,,,,,,,,15.09,fine,
29-Mar,8,G7,165_025_20,22_291 (2),17.46,17.46 x 10,1.84,2.16,,,,,,,,,,17.46,fine,
30-Mar,8,H7,165_016_11,22_292 (2),16.65,16.65 x 10,1.84,2.18,,,,,,,,,,16.65,fine,
May-56,8,A8,165_009B_110,23-096,16.3,16.3,1.72,1.39,,,,,,,,,,,fine,
Mar-32,8,B8,165_025_12,22_294,45.7,45.7,1.82,1.91,,,,,,,,,,,,
Mar-33,8,C8,165_025_09,22_295 (3),33.46,33.46 x 5,1.83,2.16,,,,,,,,,,33.46,fine,
Mar-34,8,D8,165_016_12,22_296 (2),13.2,too high,1.82,2.06,,,,,,,,,,13.2,fine,
Mar-35,8,E8,165_025_23,22_297 (2),24.41,24.41 x 10,1.84,2.23,,,,,,,,,,24.41,fine,
Mar-36,8,F8,165_025_08,22_298 (3),34.48,34.48 x 5,1.83,2.17,,,,,,,,,,34.48,fine,
Mar-37,8,G8,165_025_10,22_299 (2),20.2,20.20 x 10,1.82,1.98,,,,,,,,,,20.2,fine,
Mar-38,8,H8,165_025_18,22_300 (3),12.24,12.24 x 5,1.83,2.12,,,,,,,,,,12.24,fine,
Mar-39,8,A9,165_016_14,22_301 (2),16.79,16.79 x 10,1.83,2.11,,,,,,,,,,16.79,fine,
Mar-42,8,B9,165_016_08,22_303 (2),12.07,12.07 x 10,1.82,2.09,,,,,,,,,,12.07,fine,
Mar-43,8,C9,165_025_06,22_304 (2),10.57,10.57 x 10,1.83,1.99,,,,,,,,,,10.57,fine,
Mar-44,8,D9,165_025_13,22_305 (2),11.97,11.97 x 10,1.82,2.09,,,,,,,,,,11.97,fine,
Mar-45,8,E9,165_016B_43,22_306 (2),11.03,11.03 x 10,1.83,2.08,,,,,,,,,,11.03,fine,
Mar-46,8,F9,165_025B_51,22_307 (2),81.91,8.191 x 10,1.83,2.04,,,,,,,,,,81.91,fine,
Mar-47,8,G9,165_16c_48,22_308 (2),15.24,15.24 x 10,1.84,2.22,,,,,,,,,,15.24,fine,
Mar-48,8,H9,165_16C_56,22_309 (2),13.09,13.09 x 10,1.83,2.22,,,,,,,,,,13.09,fine,
Mar-49,8,A10,165_16C_60,22_310 (2),14.14,14.14 x 10,1.82,2.08,,,,,,,,,,14.14,fine,
Mar-50,8,B10,165_16C_61,22_311 (2),15.6,15.60 x 10,1.81,1.92,,,,,,,,,,15.6,fine,
Mar-51,8,C10,165_25_22,22_312 (2),12.6,12.60 x 10,1.82,2.15,,,,,,,,,,12.6,fine,
Mar-52,8,D10,165_16C_45,22_313 (2),13.07,13.07 x 10,1.81,2.14,,,,,,,,,,13.07,fine,
Mar-53,8,E10,165_16_06,22_314 (2),13.02,13.02 x 10,1.82,2.04,,,,,,,,,,13.02,fine,
Mar-55,8,F10,165_025_26,22_316 (2),98.98,9.898 x 10,1.82,2.1,,,,,,,,,,98.98,fine,
Mar-57,8,G10,165_25_27,22_318 (3),11.53,11.53 x 5,1.78,1.73,,,,,,,,,,11.53,fine,
Mar-58,8,H10,165_16B_28,22_319 (2),11.4,11.40 x 10,1.81,1.98,,,,,,,,,,11.4,fine,
Mar-61,8,A11,165_25B_45,22_323 (2),90.57,9.057 x 10,1.74,1.55,,,,,,,,,,90.57,fine,
Mar-62,8,B11,165_25B_49,22_324 (2),99,9.9 x 10,1.82,2.19,,,,,,,,,,99,fine,
Mar-63,8,C11,165_25B_46,22_325 (2),80.49,8.049 x 10,1.81,2.07,,,,,,,,,,80.49,fine,
Mar-64,8,D11,165_25B_47,22_326 (2),15.66,15.66 x 10,1.83,2.2,,,,,,,,,,15.66,fine,
Mar-65,8,E11,165_25B_41,22_327 (3),13.92,13.92 x 5,1.81,2.12,,,,,,,,,,13.92,fine,
Mar-66,8,F11,165_25B_42,22_328 (2),12.17,12.17 x 10,1.81,2.04,,,,,,,,,,12.17,fine,
2-Apr,8,G11,165_26B_226,23_001,45.4,45.4,1.81,2.04,,,,,,,,,,7.2,fine,
3-Apr,8,H11,165_26B_230,23_002 (3),13.85,13.85 x 5,1.8,2.2,,,,,,,,,,13.85,fine,
4-Apr,8,A12,165_26B_227,23_003,33.7,33.7,1.77,1.96,,,,,,,,,,,fine,
5-Apr,8,B12,165_009B_203,23_004 (3),20.95,20.95 x 5,1.82,2.33,,,,,,,,,,10.3,fine,107.8
6-Apr,8,C12,165_26D_224,23_005 (2),12.6,12.6,1.8,2.04,,,,,,,,,,12.6,fine,
7-Apr,8,D12,165_009B_198,23_006 (3),18.62,18.62 x 5,1.8,2.12,,,,,,,,,,18.62,fine,
8-Apr,8,E12,165_009B_197,23_007 (3),15.72,15.72 x 5,1.79,2.28,,,,,,,,,,15.72,fine,80
9-Apr,8,F12,165_009_202,23_008 (3),19.68,19.68 x 5,1.78,1.92,,,,,,,,,,19.68,fine,
10-Apr,8,G12,165_009_198,23_009 (2),15.6,too high,1.82,2.28,,,,,,,,,,15.6,fine,
11-Apr,8,H12,165_26C_228,23_010 (2.1),12.5,too high,1.83,2.54,,,,,,,,,,12.5,fine,
12-Apr,9,A1,165_009_200,23_011 (3),16.39,16.39 x 5,1.79,2.11,,,,,,,,,,16.39,fine,
13-Apr,9,B1,165_009_195,23_012 (2),12.7,12.7,1.8,2.21,,,,,,,,,,12.7,fine,
14-Apr,9,C1,165_26C_226,23_013 (2),12.5,12.5,1.82,2.25,,,,,,,,,,12.5,fine,
15-Apr,9,D1,165_009B_196,23_014 (2),27.3,,1.81,2.28,,,,,,,,,,27.3,fine,116
16-Apr,9,E1,165_26C_229,23_015,56,56,1.81,2.3,,,,,,,,,,,fine,
17-Apr,9,F1,165_009_109,23_016,41.8,41.8,1.85,1.88,,,,,,,,,,,fine,
18-Apr,9,G1,165_009B_133,23_017,90.5,90.5,1.78,1.87,,,,,,,,,,8.11,fine,
20-Apr,9,H1,165_009_100,23_019,53,53,1.79,2.28,,,,,,,,,,,fine,
21-Apr,9,A2,165_16B_42,23_020 (3),16.49,16.49 x 5,1.82,2.35,,,,,,,,,,16.49,fine,109.1
22-Apr,9,B2,165_009_176,23_021 (2),12.4,86.4,1.84,2.54,,,,,,,,,,12.4,fine,
23-Apr,9,C2,165_16B_38,23_022 (3),17.94,17.94 x 5,1.79,1.78,,,,,,,,,,17.94,fine,
24-Apr,9,D2,165_009B_64,23_023,29.5,29.5,1.8,1.77,,,,,,,,,,,fine,
25-Apr,9,E2,165_009B_72,23_024 (2),18,,1.83,2.35,,,,,,,,,,18,fine,108.7
26-Apr,9,F2,165_009_107,23_025 (2),21.2,,1.83,2.33,,,,,,,,,,21.2,fine,129.6
28-Apr,9,G2,165_009B_178,23_027,23.7,23.7,1.82,2.38,,,,,,,,,,,fine,
29-Apr,9,H2,165_025_07,23_028 (2),19.3,,1.83,2.25,,,,,,,,,,19.3,fine,160.6
30-Apr,9,A3,165_26D_217,23_029 (2),13.1,,1.85,2.4,,,,,,,,,,13.1,fine,165.4
Apr-33,9,B3,165_009_82,23_032 (2),19.5,211,1.83,2.3,,,,,,,,,,19.5,fine,
Apr-35,9,C3,165_009_76,23_034,36.9,36.9,1.82,2.17,,,,,,,,,,,fine,
Apr-38,9,D3,165_009B_160,23_037,57,57,1.81,2.21,,,,,,,,,,,fine,
Apr-39,9,E3,165_009B_150,23_038 (2),18,,1.83,2.48,,,,,,,,,,18,fine,147.4
Apr-42,9,F3,165_009_93,23_040 (2),18,,1.83,2.39,,,,,,,,,,18,fine,133.5
2-May,9,G3,165_009_110,23_041 ,79.1,79.1,1.82,2.23,,,,,,,,,,7.61,fine,
3-May,9,H3,165_009_95,23_042,26.1,26.1,1.74,1.96,,,,,,,,,,,fine,
5-May,9,A4,165_009B_140,23_044,30.6,30.6,1.78,2.37,,,,,,,,,,,fine,
6-May,9,B4,165_009_106,23_045,12.5,12.5,1.75,1.96,,,,,,,,,,,fine,
7-May,9,C4,165_009B_192,23_046,34.6,34.6,1.82,2.4,,,,,,,,,,,fine,
8-May,9,D4,165_009B_199,23_047,36.6,36.6,1.8,2.2,,,,,,,,,,,fine,
10-May,9,E4,165_009B_124,23_049 (3),21.67,21.67 x 5,1.83,2.37,,,,,,,,,,21.67,fine,110.6
11-May,9,F4,165_009_114,23_050 (2.1),14.6,,1.82,2.33,,,,,,,,,,14.6,fine,132.4
12-May,9,G4,165_009_104,23_051 (3),33.64,33.64 x 5,1.83,2.37,,,,,,,,,,33.64,fine,164.5
13-May,9,H4,165_009_112,23_052 (2),11.1,,1.82,2.21,,,,,,,,,,11.1,fine,109.4
14-May,9,A5,165_26e_219,23_054 (2.1),14.5,,1.84,2.03,,,,,,,,,,14.5,fine,162.2
15-May,9,B5,165_025_17,23_055 (2.1),13.6,,1.83,2.2,,,,,,,,,,13.6,fine,158.2
16-May,9,C5,165_025_21,23_056,13.9,13.9,1.82,2.12,,,,,,,,,,,fine,
19-May,9,D5,165_016_15,23_059,97.6,97.6,1.83,2.01,,,,,,,,,,9.79,use  OG - estimate conc. from dilution,100.9
20-May,9,E5,165_016_03,23_060,82.1,82.1,1.84,2.34,,,,,,,,,,8.21,use  OG - estimate conc. from dilution,108.8
21-May,9,F5,165_009_90,23_061 (2.1),13,,1.83,2.19,,,,,,,,,,13,fine,120.5
22-May,9,G5,165_009_51,23_062,30.2,30.2,1.81,2.08,,,,,,,,,,,fine,
23-May,9,H5,165_009_75,23_063 (2),10.9,,1.83,2.3,,,,,,,,,,10.9,fine,111.1
25-May,9,A6,165_009_98,23_066,74.3,74.3,1.8,2.07,,,,,,,,,,5.32,fine,
26-May,9,B6,165_009_105,23_067 (2),13.5,127.5,1.83,2.26,,,,,,,,,,13.5,fine,
28-May,9,C6,165_009_113,23_069,17.7,17.7,1.82,2.01,,,,,,,,,,,fine,
30-May,9,D6,165_009B_106,23_071,52,52,1.81,2.24,,,,,,,,,,,fine,
31-May,9,E6,165_009B_67,23_072,48.2,48.2,1.81,2.15,,,,,,,,,,,fine,
May-32,9,F6,165_009B_139,23_073,97,97,1.82,2.17,,,,,,,,,,8.02,fine,
May-33,9,G6,165_25_03,23_074,83.9,83.9,1.83,2.17,,,,,,,,,,7.56,fine,
May-34,9,H6,165_25_14,23_075 (2),12.6,,1.79,1.84,,,,,,,,,,12.6,fine,125.4
May-35,9,A7,165_26_223,23_076,60,60,1.8,2.15,,,,,,,,,,,fine,
May-36,9,B7,165_009B_182,23_077,58,58,1.78,2.12,,,,,,,,,,,fine,
May-37,9,C7,165_009_96,23_078,53,53,1.76,1.7,,,,,,,,,,,fine,
May-38,9,D7,165_009B_181,23_079 (2),11.8,,1.8,2.1,,,,,,,,,,11.8,fine,118.4
May-39,9,E7,165_009_165,23_080 (3),25.31,25.31 x 5,1.81,2.14,,,,,,,,,,25.31,fine,103.1
May-41,9,F7,165_009B_193,23_081 (2),11.9,,1.79,1.96,,,,,,,,,,11.9,fine,128.1
May-42,9,G7,165_009_58,23_082 (2),9.66,,1.79,2.14,,,,,,,,,,9.66,fine,103.1
May-43,9,H7,165_009B_184,23_083,85.2,85.2,1.8,2.09,,,,,,,,,,6.79,fine,
May-44,9,A8,165_009_88,23_084 (2),18.2,,1.81,2.2,,,,,,,,,,18.2,fine,164.2
May-45,9,B8,165_009_189,23_085,75.8,75.8,1.77,1.83,,,,,,,,,,5,fine,
May-46,9,C8,165_009B_151,23_086 (2),14.1,,1.81,2.27,,,,,,,,,,14.1,fine,139.8
May-47,9,D8,165_009B_147,23_087,76.4,76.4,1.76,1.77,,,,,,,,,,5.15,fine,
May-48,9,E8,165_009B_167,23_088,20.7,20.7,1.69,1.72,,,,,,,,,,,fine,
May-50,9,F8,165_009B_166,23_090,67.9,67.9,1.79,2.06,,,,,,,,,,,fine,
May-52,9,G8,165_009B_157,23_092(3),19.96,99.8,1.8,2.19,,,,,,,,,,8.2,fine,
May-55,9,H8,165_009_173,23_095,21.1,21.1,1.74,1.54,,,,,,,,,,,fine,
May-57,9,A9,165_009B_122,23_097,9.46,9.46,1.83,2.25,,,,,,,,,,,CHECK - is this actually of the dilution? says dilution on plate,
May-58,9,B9,165_009B_179,23_098,28.1,28.1,1.8,1.74,,,,,,,,,,,fine,
May-59,9,C9,165_009B_183,23_099,39.7,39.7,1.82,1.88,,,,,,,,,,,fine,
May-60,9,D9,165_009_187,23_100 (3),29.12,29.12 x 5,1.76,1.62,,,,,,,,,,29.12,fine,146.1
May-61,9,E9,165_009B_171,23_101,44.1,44.1,1.78,1.8,,,,,,,,,,,fine,
May-64,9,F9,165_009_146,23_104,45.5,45.5,1.79,1.8,,,,,,,,,,,fine,
May-65,9,G9,165_009_185,23_105 (3),38.43,38.43 x 5,1.83,2.17,,,,,,,,,,38.43,fine,
May-66,9,H9,165_009B_152,23_106 (3),28.94,28.94 x 5,1.82,2.18,,,,,,,,,,28.94,fine,
May-67,9,A10,165_009_136,23_107 (3),35.69,35.69 x 5,1.8,1.94,,,,,,,,,,35.69,fine,
May-68,9,B10,165_009B_155,23_108 (3),18.82,18.82 x 5,1.81,1.97,,,,,,,,,,18.82,fine,
May-70,9,C10,165_009_102,23_110 (2),19.6,,1.84,2.27,,,,,,,,,,19.6,fine,164.3
May-72,9,D10,165_26D_213,23_112,66.8,66.8,1.81,1.97,,,,,,,,,,,fine,
May-74,9,E10,165_009B_112,23_114,19.3,19.3,1.79,1.55,,,,,,,,,,,fine,
May-75,9,F10,165_009_111,23_115,18.6,18.6,1.79,1.52,,,,,,,,,,,fine,
May-76,9,G10,165_009_87,23_116,27.1,27.1,1.82,1.71,,,,,,,,,,,fine,
May-77,9,H10,165_009B_156,,51,51,1.83,1.83,,,,,,,,,,,fine,
4-Jun,9,A11,165_009_164,23_122,16.8,16.8,1.81,2.28,,,,,,,,,,,fine,
5-Jun,9,B11,165_009B_116,23_123,40.6,40.6,1.72,2.1,,,,,,,,,,,fine,
6-Jun,9,C11,165_25_24,23_124,42,42,1.76,2.01,,,,,,,,,,4.96,fine,
11-Jun,9,D11,165_009B_169,23_129 (3),39.57,39.57 x 5,1.84,2.32,,,,,,,,,,39.57,fine,
25-Jun,9,E11,165_009B_138,23_131 (3),34.01,34.01 x 5,1.83,2.3,,,,,,,,,,34.01,fine,
13-Jun,9,F11,165_009_134,23_133 (3),15.54,15.54 x 5,1.79,2.14,,,,,,,,,,15.54,fine,
15-Jun,9,G11,165_009_188,23_135 (2),13.1,,1.81,2.2,,,,,,,,,,13.1,fine,114.9
16-Jun,9,H11,165_009_194,23_136 (2),15.3,,1.82,2.22,,,,,,,,,,,fine,130.2
17-Jun,9,A12,165_26E_221,23_137,43,43,1.77,1.99,,,,,,,,,,,fine,
18-Jun,9,B12,165_26B_222,23_138,36,36,1.8,2.17,,,,,,,,,,,fine,
19-Jun,9,C12,165_009B_143,23_139 (3),22.69,22.69 x 5,1.8,2.24,,,,,,,,,,22.69,fine,103.7
22-Jun,9,D12,165_009B_34,23_142,40.6,40.6,1.77,2.13,,,,,,,,,,,fine,
23-Jun,9,E12,165_009_24,23_143,50,50,1.75,2.07,,,,,,,,,,,fine,
24-Jun,9,F12,165_26B_211,23_144 (3),20,20 x 5,1.8,2.15,,,,,,,,,,20,fine,
2-Jul,9,G12,165_019_12,23_145,27.9,27.9,1.81,1.66,,,,,,,,,,,fine,
3-Jul,9,H12,165_019_13,23_146 (2),11.5,,1.82,2.18,,,,,,,,,,11.5,fine,136.3
14-Jul,10,A1,165_019_09,23_156,43.4,43.4,1.79,2.11,,,,,,,,,,,fine,
15-Jul,10,B1,165_009_213,23_157,39.5,39.5,1.79,2.13,,,,,,,,,,,fine,
16-Jul,10,C1,165_26B_237,23_158 (2),10.9,,1.81,2.25,,,,,,,,,,10.9,fine,110.1
17-Jul,10,D1,165_009_220,23_159 (2),10.5,,1.82,2.26,,,,,,,,,,10.5,fine,103.5
18-Jul,10,E1,165_009_210,23_160,46,46,1.8,2.13,,,,,,,,,,,fine,
19-Jul,10,F1,165_019_27,23_161 (2),13.4,,1.82,2.22,,,,,,,,,,13.4,fine,133.5
20-Jul,10,G1,165_019_16,23_162,49.6,49.6,1.8,2.2,,,,,,,,,,,fine,
22-Jul,10,H1,165_009B_32,23_164 (2),10.7,,1.81,2.19,,,,,,,,,,10.7,fine,109.9
23-Jul,10,A2,165_009B_7,23_165 (2),14.4,,1.82,2.2,,,,,,,,,,,fine,140.9
25-Jul,10,B2,165_009_22,23_167 (2),8.88,,1.83,2.22,,,,,,,,,,8.88,fine,121.4
26-Jul,10,C2,165_009B_31,23_168,67.8,,1.81,1.94,,,,,,,,,,6.78,fine,101.9
27-Jul,10,D2,165_009_27,23_169,57,57,1.83,2.05,,,,,,,,,,,fine,
28-Jul,10,E2,165_009B_69,23_170,59,59,1.81,2.18,,,,,,,,,,,fine,
29-Jul,10,F2,165_009B_11,23_171 (2),10.3,,1.83,2.24,,,,,,,,,,10.3,fine,104.2
30-Jul,10,G2,165_009B_10,23_172 (2),13.6,,1.83,2.26,,,,,,,,,,13.6,fine,135.9
Jul-32,10,H2,165_009_83,23_173,10.9,10.9,1.81,1.76,,,,,,,,,,,fine,
Jul-33,10,A3,165_009_49,23_174,58,58,1.81,2.06,,,,,,,,,,,fine,
Jul-35,10,B3,165_009B_36,23_176 (3),13.61,13.61 x 5,1.79,2.11,,,,,,,,,,,fine,
Jul-36,10,C3,165_009B_111,23_177,36.3,36.3,1.78,1.92,,,,,,,,,,,fine,
Jul-37,10,D3,165_009B_60,23_178,59,59,1.8,2.09,,,,,,,,,,,fine,
Jul-38,10,E3,165_009B_42,23_179,8.73,8.73,1.81,2.19,,,,,,,,,,,fine,
Jul-39,10,F3,165_009_46,23_180 (3),14.49,14.49 x 5,1.8,2.07,,,,,,,,,,14.49,fine,
Jul-40,10,G3,165_009B_33,23_181 (3),15.35,15.35 x 5,1.78,1.98,,,,,,,,,,15.35,fine,
Jul-41,10,H3,165_009B_9,23_182 (3),16.84,16.84 x 5,1.8,2.18,,,,,,,,,,16.84,fine,
Jul-42,10,A4,165_009_21,23_183,38.4,38.4,1.78,2.02,,,,,,,,,,,fine,
Jul-43,10,B4,165_009B_28,23_184 (3),12.3,12.30 x 5,1.79,2.09,,,,,,,,,,12.3,fine,
Jul-44,10,C4,165_009_53,23_185 (3),17.95,17.95 x 5,1.81,2.21,,,,,,,,,,17.95,fine,
Jul-45,10,D4,165_009_23,23_186 (3),17.38,17.38 x 5,1.82,2.21,,,,,,,,,,17.38,fine,
Jul-46,10,E4,165_26E_194,23_187,38,38,1.78,2.04,,,,,,,,,,,fine,
Jul-47,10,F4,165_26B_208,23_188 (3),18.62,18.62 x 5,1.81,2.17,,,,,,,,,,18.62,fine,
Jul-48,10,G4,165_26E_202,23_189 (3),12.75,12.75 x 5,1.8,2.14,,,,,,,,,,12.75,fine,
Jul-49,10,H4,165_26C_195,23_190,25.6,25.6,1.79,1.96,,,,,,,,,,,fine,
Jul-50,10,A5,165_009B_4,23_191 (2),13.5,,1.83,2.22,,,,,,,,,,13.5,fine,
Jul-51,10,B5,165_26B_193,23_192 (3),16.31,16.31 x 5,1.81,2.16,,,,,,,,,,,fine,
2-Aug,10,C5,165_009B_8,23_193,45.3,45.3,1.81,2.23,,,,,,,,,,,fine,
3-Aug,10,D5,165_009_12,23_194 (2),11.7,,1.81,2.21,,,,,,,,,,11.7,fine,110.5
4-Aug,10,E5,165_009B_02,23_195 (2),11.6,,1.82,2.27,,,,,,,,,,11.6,fine,106.5
5-Aug,10,F5,165_26D_197,23_196,8.95,8.95,1.69,1.32,,,,,,,,,,,fine,
7-Aug,10,G5,165_009_15,23_198,49.8,49.8,1.8,2.01,,,,,,,,,,,fine,
8-Aug,10,H5,165_009_99,23_199 (2),11.5,,1.8,2.18,,,,,,,,,,11.5,fine,115.1
9-Aug,10,A6,165_009_19,23_200,50,50,1.76,1.89,,,,,,,,,,,fine,
10-Aug,10,B6,165_009B_105,23_201,44.8,44.8,1.76,1.93,,,,,,,,,,,fine,
11-Aug,10,C6,165_009B_114,23_202,52,52,1.77,2,,,,,,,,,,,fine,
12-Aug,10,D6,165_009B_59,23_203,20.7,20.7,1.75,1.65,,,,,,,,,,,fine,
13-Aug,10,E6,165_26C_209,23_204,47.6,47.6,1.76,1.92,,,,,,,,,,,fine,
14-Aug,10,F6,165_009_85,23_205 (2),8.72,97.1,1.8,2.09,,,,,,,,,,8.72,fine,
15-Aug,10,G6,165_019_19,23_206,44,44,1.76,1.88,,,,,,,,,,,fine,
May-69,10,H6,9b_168,23_109,16.5,16.5,1.67,1.28,,,,,,,,,,,fine,
27-Aug,10,A7,165_26_55,23_226 (3),25.8,25.8 X 3,1.87,2.21,,25.8 x 5,,,,,,,,,fine,
Aug-33,10,B7,165_26_58,23_231,54,54,1.85,2.16,,,,,,,,,,,fine,
3-Dec,10,C7,165_26_70,22_049,3.84,3.84,1.54,1.63,,,,,,,,,,,needs gel,
18-Nov,10,D7,165_26B_75,22_051,15.3,15.3,1.68,1.93,,,,,,,,,,,fine (not key and looks like nothing on gel...),
21-Nov,10,E7,165_26B_12,22_075,36.7,36.7,1.87,2.3,,,,,,,,,,,"ALSO 22_106! Gel for this extaction looks empty, look at 22_106?",
20-Aug,10,F7,165_26B_11,23_219,33.5,33.5,1.81,2.27,33.5,,,,,,,,,,fine,
12-Jun,10,G7,165_009B_121,23_130,16.7,16.7,1.57,1.44,,,,,,,,,,,fine,
29-Aug,10,H7,165_26_01,23_228,40.3,40.3,1.85,1.94,,,,,,,,,,,fine,
21-Aug,10,A8,165_26B_82,23_220 (3),25.5,25.5 x 5,1.82,2.26,1.82,2.26,,25.5 x 5,1.82,2.26,,25.5 x 5,,,fine,
30-Aug,10,B8,165_26D_206,23_229 (3),20.3,20.3 x 5,1.87,2.27,,,,,,,,,,,fine,
28-Aug,10,C8,165_26C_200,23_227,46.3,46.3,1.88,2.2,,,,,,,,,,,fine,
3-Jan,10,D8,165_009B_43,22_223,7.87,7.87,1.79,1.29,,,,,,,,,,,fine,
4-Jan,10,E8,165_009_57,22_224,4.4,4.4,1.83,1.7,,,,,,,,,,,fine,
5-Jan,10,F8,165_009_78,22_225,5.16,5.16,1.85,1.85,,,,,,,,,,,fine,
10-Jan,10,G8,165_26B_212,22_230,2,2,1.5,0.82,,,,,,,,,,,fine; nothing on gel; but important sample,
12-Jan,10,H8,165_009_18,22_232,7.77,7.77,1.76,1.33,,,,,,,,,,,fine,
13-Jan,10,A9,165_009B_127,22_233,5.41,5.41,1.65,1.06,,,,,,,,,,,fine,
Mar-54,10,B9,165_16B_37,22_315 (3),20.9,20.9 x 5,1.77,1.71,,,,,,,,,,,fine,
16-Aug,10,C9,165_16B_34,23_215,38.5,38.5,1.86,2.2,,,,,,,,,,,fine,
27-Apr,10,D9,165_009B_118,23_026,4.91,4.91,1.84,2.37,,,,,,,,,,,fine,
Apr-31,10,E9,165_26D_216,23_030,2.77,2.77,1.69,2.27,,,,,,,,,,,very faint on gel but probably fine; important sample,
Apr-32,10,F9,165_26B_215,23_031,5.42,5.42,1.74,1.69,,,,,,,,,,,very faint on gel but probably fine; important sample,
9-May,10,G9,165_009B_63,23_048,4.2,4.2,1.61,3.9,,,,,,,,,,,"very faint on gel, NOT an important sample",
26-Aug,10,H9,165_016_20,23_225 (3),20.6,20.6 x 5,1.86,2.22,,,,,,,,,,,fine,
24-May,10,A10,165_009_94,23_064,5.14,5.14,1.61,1.01,,,,,,,,,,,"very faint on gel, NOT an important sample",
29-May,10,B10,165_009_186,23_070 (3),18.1,18.1,1.82,2.2,,,,,,,,,,,fine,
Aug-32,10,C10,165_009B_154,23_230,45.5,45.5,1.85,2.09,,,,,,,,,,,fine,
May-53,10,D10,165_009B_161,23_093,11.8,11.8,1.5,0.68,,,,,,,,,,,fine,
May-71,10,E10,165_26D_218,23_111,3.85,3.85,1.59,0.72,,,,,,,,,,,fine,
23-Aug,10,F10,165_009B_107,23_222 (3),22.5,22.5 x 5,1.85,2.25,,,,,,,,,,,fine,
8-Jun,10,G10,165_009_103,23_126,11.8,11.8,1.4,1.18,,,,,,,,,,,fine,
10-Jun,10,H10,165_009_163,23_128,13,13,1.45,1.36,,,,,,,,,,,fine,
20-Jun,10,A11,165_009_137,23_140,41.7,41.7,1.77,2.13,,,,,,,,,,,fine,
25-Aug,10,B11,165_009_212,23_224 (3),10.5,10.5 x 5,1.89,2.27,,,,,,,,,,,fine,
24-Jul,10,C11,165_009_25,23_166 (3),32.82,32.82 x 5,1.83,2.24,,,,,,,,,,,fine,
17-Aug,10,D11,165_009_89,23_216,21.4,21.4,1.79,1.82,,,,,,,,,,,fine,
11-Oct,10,E11,165_26B_14,22_033,16.2,16.2,1.71,1.99,,,,,,,,,,,sequenced on plate 5 but didn't get good data - reseq,
6-Dec,10,F11,165_25B_50,23_246,46.7,46.7,1.84,1.84,,,,,,,,,,,fine,
14-Jun,10,G11,165_009_135,23_134,48.2,48.2,1.68,1.43,,,,,,,,,,,fine,
May-73,10,H11,165_009B_115,23_113,13.8,13.8,1.84,1.32,,,,,,,,,,,fine,
13-Jul,10,A12,165_009B_214,23_155 (3),24.69,24.69 x 5,1.8,2.17,,,,,,,,,,24.69,fine,103.8
12-Jul,10,B12,165_009B_216,23_154,24.4,24.4,1.73,1.84,,,,,,,,,,,fine,
11-Jul,10,C12,165_019_23,23_153,51,51,1.78,2.07,,,,,,,,,,,fine,
10-Jul,10,D12,165_019_18,23_152 (3),29.13,29.13 x 5,1.82,2.14,,,,,,,,,,29.13,fine,
8-Jul,10,E12,165_019_15,23_151,9.26,9.26,1.81,2.23,,,,,,,,,,,fine,
7-Jul,10,F12,165_026B_233,23_150,46.3,46.3,1.78,2.03,,,,,,,,,,,fine,
5-Jul,10,G12,165_019_14,23_148,31.5,31.5,1.71,1.71,,,,,,,,,,,fine,
4-Jul,10,H12,165_025B_57,23_147,33.6,33.6,1.8,2.08,,,,,,,,,,,fine,
,,,,,,,,,,,,,,,,,,,,
,,,,,,,,,,,,,,,,,,,,
,,,,,,,,,,,,,,,,,,,,
,,,,,,,,,,,,,,,,,,,,
,,,,,,,,,,,,,,,,,,,,
,,,,,,,,,,,,,,,,,,,,
,,,,,,,,,,,,,,,,,,,,
,,,,,,,,,,,,,,,,,,,,
,,,,,,,,,,,,,,,,,,,,
,,,,,,,,,,,,,,,,,,,,
,,,,,,,,,,,,,,,,,,,,
,,,,,,,,,,,,,,,,,,,,
,,,,,,,,,,,,,,,,,,,,
,,,,,,,,,,,,,,,,,,,,
,,,,,,,,,,,,,,,,,,,,
,,,,,,,,,,,,,,,,,,,,
,,,,,,,,,,,,,,,,,,,,
,,,,,,,,,,,,,,,,,,,,
,,,could add:,,,,,,,,,,,,,,,,,
,,,,,,,,,,,,,,,,,,,,
15-Nov,10,H7,165_26_37,22_042,9.54,9.54,1.66,0.74,,,,,,,,,,,,