trait	qtl_id	chr	interval_type	start_marker	start_pos	start_lod	peak_marker	peak_pos	peak_lod	end_marker	end_pos	end_lod	refined_peak_pos	additive	dominance	B_allele_direction	qtl_pve_percent	trait_report_file	interval_file	notes
INFA	Q1	chr2	lod_1.5	Chrom2-18510654	38.4900950838706	2.44572090850005	Chrom2-28412378	46.8533128316258	4.54527364928236	Chrom2-39264958	61.7155643960008	3.01025349263102	46.8533128316258	11.911888106077	0.368089449964683	B allele increases trait (BB > AA)	12.2686655067076	qtl_trait_report_INFA_20260608_161020.txt	INFA_peak_intervals.tsv	
INFA	Q2	chr1	lod_1.5	Chrom1-126216853	64.3407748508903	2.72657190959836	c1.loc90	90	8.97639707425736	Chrom1-145141298	118.923254448536	3.08202390618851	94.5	17.8588574579439	-0.589386158448068	B allele increases trait (BB > AA)	12.6722194837945	qtl_trait_report_INFA_20260608_161020.txt	INFA_peak_intervals.tsv	
VNG	Q1	chr6	lod_1.5	Chrom6-3871865	6.70920358332416	29.5375761343673	Chrom6-4397163	8.57162938617707	31.0468478658406	Chrom6-4605791	9.16173149323558	27.9816984876118	8.57162938617707	0.0415843845278317	0.146422249141361	B allele increases trait (BB > AA)	64.4281836435399	qtl_trait_report_VNG_20260608_161026.txt	VNG_peak_intervals.tsv	
RALA	Q1	chr6	lod_1.5	Chrom6-3819694	6.31045465914472	10.7259789332152	Chrom6-4397163	8.57162938617707	13.0250031823902	Chrom6-4757587	9.71650089817456	10.962235389479	8.57162938617707	33.3917465073622	3.69470970307306	B allele increases trait (BB > AA)	35.0459443150961	qtl_trait_report_RALA_20260608_161031.txt	RALA_peak_intervals.tsv	
RAST	Q1	chr6	lod_1.5	Chrom6-3871865	6.70920358332416	12.6238033505909	Chrom6-4397163	8.57162938617707	14.2917631091865	Chrom6-4757587	9.71650089817456	12.5658197119168	8.57162938617707	3.84158017101848	0.511297901953913	B allele increases trait (BB > AA)	39.387603851429	qtl_trait_report_RAST_20260608_161035.txt	RAST_peak_intervals.tsv	
COL	Q1	chr2	lod_1.5	Chrom2-12015573	25.3189802638361	5.11411331468321	Chrom2-18358950	38.1277540239129	6.81241657892781	Chrom2-18832578	39.2974645971716	5.29529975950427	33	1.62281246219932	-0.812508934293159	B allele increases trait (BB > AA)	10.8028808682072	qtl_trait_report_COL_20260608_161039.txt	COL_peak_intervals.tsv	
COL	Q2	chr6	lod_1.5	Chrom6-5851898	11.9636757089479	6.19247856622553	Chrom6-7521953	18.4244745240047	7.86837243201765	Chrom6-109501058	59.387413222563	5.92284779782378	45.6946548961748	1.64517303708779	0.324031123406153	B allele increases trait (BB > AA)	11.463124691599	qtl_trait_report_COL_20260608_161039.txt	COL_peak_intervals.tsv	
COLL	Q1	chr2	lod_1.5	Chrom2-12432524	25.6790095917765	3.98427240621672	Chrom2-134901296	83.4407117596792	5.51559898393938	Chrom2-141111435	97.9952386294825	3.79869090646605	97.2255892486529	1.14318536497394	-0.70850905988646	B allele increases trait (BB > AA)	10.544746468181	qtl_trait_report_COLL_20260608_161045.txt	COLL_peak_intervals.tsv	
COLL	Q2	chr6	lod_1.5	Chrom6-6437612	13.8952122974912	4.28706492681118	Chrom6-7964580	18.8727922290534	5.80423642524266	Chrom6-109501058	59.387413222563	3.41529546921311	18.7036273449325	1.28791989981272	-0.717759892055759	B allele increases trait (BB > AA)	11.7794054873119	qtl_trait_report_COLL_20260608_161045.txt	COLL_peak_intervals.tsv	
STAE	Q1	chr2	lod_1.5	Chrom2-1236932	1.87198835322641	3.77205329847999	Chrom2-129740274	77.6169868048368	5.54418032114972	Chrom2-136800537	87.4376648736552	4.03089130818876	95.9445211017259	-0.625976443374589	0.403138772380276	B allele decreases trait (BB < AA)	7.81890207320276	qtl_trait_report_STAE_20260608_161050.txt	STAE_peak_intervals.tsv	
STAE	Q2	chr4.2.9	lod_1.5	Chrom4-5465190	12.6820339268685	4.32903974100176	Chrom4-9873879	23.6586776894954	5.8456940555736	Chrom4-12530657	27.4385781889511	4.32294486745141	23.6586776894954	-0.700358852072255	0.167718563702552	B allele decreases trait (BB < AA)	9.80590687621674	qtl_trait_report_STAE_20260608_161050.txt	STAE_peak_intervals.tsv	
STAE	Q3	chr7.5	lod_1.5	Chrom7-5819927	18.5740038155421	2.36708613637401	c7.5.loc31	31	4.06944944787608	Chrom7-15624405	37.6723218856705	2.4813950099433	27.4623090944203	-0.627880258315444	0.0660068798466623	B allele decreases trait (BB < AA)	6.7743610934149	qtl_trait_report_STAE_20260608_161050.txt	STAE_peak_intervals.tsv	
STAE	Q4	chr3	lod_1.5	Chrom3-7875722	14.493402758655	3.82097845862828	Chrom3-113656415	60.8471573645268	5.84693780258047	Chrom3-117515529	70.8006775916428	4.26346062876507	60.8471573645268	-0.698406216326111	0.513404796942174	B allele decreases trait (BB < AA)	11.617720024961	qtl_trait_report_STAE_20260608_161050.txt	STAE_peak_intervals.tsv	
TUA	Q1	chr7.5	lod_1.5	Chrom7-6133822	20.0664682290051	3.47271260346207	Chrom7-6397362	20.8467839601848	5.02778035985557	Chrom7-7163455	24.3242547487556	3.33732493053554	20.8467839601848	-1.72937138770199	-2.45964656489611	B allele decreases trait (BB < AA)	10.547777490076	qtl_trait_report_TUA_20260608_161056.txt	TUA_peak_intervals.tsv	
STATL	Q1	chr2	lod_1.5	Chrom2-14936900	31.2692191489371	7.36915803276722	Chrom2-18358950	38.1277540239129	9.19682870483868	Chrom2-23161770	42.4326536454264	6.3304150172184	38.1277540239129	0.791484971430343	-0.229238563060534	B allele increases trait (BB > AA)	10.5997514577274	qtl_trait_report_STATL_20260608_161100.txt	STATL_peak_intervals.tsv	
LABL	Q1	chr2	lod_1.5	Chrom2-12015573	25.3189802638361	3.94255211530142	Chrom2-18358950	38.1277540239129	5.83831322804099	Chrom2-162653500	112.730484831628	4.72877936092348	32.5	1.3130708168477	-0.851621027857024	B allele increases trait (BB > AA)	7.02111247613681	qtl_trait_report_LABL_20260608_161105.txt	LABL_peak_intervals.tsv	
LABL	Q2	chr6	lod_1.5	Chrom6-5851898	11.9636757089479	7.93294765182077	Chrom6-7636574	18.5524463561422	9.87346554983668	Chrom6-9141957	22.2640408467356	8.34899088455714	18.5524463561422	1.99675950580885	0.11460849993374	B allele increases trait (BB > AA)	14.3045765882813	qtl_trait_report_LABL_20260608_161105.txt	LABL_peak_intervals.tsv	
LABW	Q1	chr2	lod_1.5	Chrom2-34440350	55.6021761092847	5.39327834984832	Chrom2-46722257	71.6764905869214	6.94523796401998	Chrom2-140744131	97.6613589948884	5.30983741837085	67	1.63785910637712	0.22134312402347	B allele increases trait (BB > AA)	15.2737319081677	qtl_trait_report_LABW_20260608_161110.txt	LABW_peak_intervals.tsv	
LABW	Q2	chr4.2.9	lod_1.5	Chrom4-5310537	11.8116442976674	3.61746193180807	Chrom4-8841221	20.6589289460521	5.1315254422276	Chrom4-11397134	26.4802465150859	3.36869471604493	21	1.17463111930929	-0.329780045931623	B allele increases trait (BB > AA)	13.1597854137989	qtl_trait_report_LABW_20260608_161110.txt	LABW_peak_intervals.tsv	
LABW	Q3	chr5	lod_1.5	Chrom5-17491557	19.4002920632425	4.82323937260051	Chrom5-120745967	31.2121718431005	6.33933907764657	Chrom5-127906088	41.9147535036144	4.36527795327063	27.1350912774922	1.38140291349795	0.48923465200934	B allele increases trait (BB > AA)	8.16226734257993	qtl_trait_report_LABW_20260608_161110.txt	LABW_peak_intervals.tsv	
LABW	Q4	chr6	lod_1.5	Chrom6-105182592	49.5689857242217	2.87145740331911	Chrom6-117495024	85.3612406842891	4.7107315473101	Chrom6-119424603	89.3582831413172	3.92024241928775	85.3612406842891	1.16263901465311	-0.0838474863765531	B allele increases trait (BB > AA)	8.44415246401176	qtl_trait_report_LABW_20260608_161110.txt	LABW_peak_intervals.tsv	
CLL	Q1	chr8	lod_1.5	Chrom8-13813201	36.5599803010975	4.2920693617356	Chrom8-44700904	41.0816556290401	5.914166404409	Chrom8-93522371	48.2867087004956	4.19883628426635	41.0816556290401	-0.682507654350597	-0.323132627705027	B allele decreases trait (BB < AA)	11.778711785222	qtl_trait_report_CLL_20260608_161118.txt	CLL_peak_intervals.tsv	
STAL	Q1	chr2	lod_1.5	Chrom2-14936900	31.2692191489371	2.41145006578699	Chrom2-18358950	38.1277540239129	4.07114535170845	Chrom2-162653500	112.730484831628	2.59200810858241	38.1277540239129	1.05410709335544	-0.576074334887799	B allele increases trait (BB > AA)	6.0502409554551	qtl_trait_report_STAL_20260608_161122.txt	STAL_peak_intervals.tsv	
STAL	Q2	chr6	lod_1.5	Chrom6-5851898	11.9636757089479	6.34063659796649	Chrom6-7964580	18.8727922290534	7.98861056511302	Chrom6-109501058	59.387413222563	5.91074364351238	35.8869778224881	1.54731063287326	-0.0411467038930013	B allele increases trait (BB > AA)	11.8621143246972	qtl_trait_report_STAL_20260608_161122.txt	STAL_peak_intervals.tsv	
STAW	Q1	chr2	lod_1.5	Chrom2-131226038	77.9758396873618	6.96518109602765	Chrom2-139385865	94.6579119819928	8.78422511814772	Chrom2-141263060	98.3785065029769	6.33593721170519	94.6579118819928	0.527855133994453	-0.16820087601809	B allele increases trait (BB > AA)	15.0900737842808	qtl_trait_report_STAW_20260608_161128.txt	STAW_peak_intervals.tsv	
STAW	Q2	chr1	lod_1.5	Chrom1-15575835	37.4651561581081	3.2087377177975	c1.loc55	55	4.85034366040827	Chrom1-121539380	59.6979779156267	3.23358440851004	55	0.297004065302748	0.23958048091384	B allele increases trait (BB > AA)	8.67716792931256	qtl_trait_report_STAW_20260608_161128.txt	STAW_peak_intervals.tsv	
ANL	Q1	chr2	lod_1.5	Chrom2-18832578	39.2974645971716	2.84605907930327	Chrom2-27698966	46.0799576438947	4.52533425437018	Chrom2-162653500	112.730484831628	3.37029475234557	46.0799576438947	0.263977606950955	0.0353107435600864	B allele increases trait (BB > AA)	7.3533926907238	qtl_trait_report_ANL_20260608_161133.txt	ANL_peak_intervals.tsv	
ANL	Q2	chr1	lod_1.5	Chrom1-5652	0	2.69138092347838	Chrom1-17845954	41.5868001923233	3.93767874424586	Chrom1-121283676	59.0440671168088	2.26392286705725	41.5868001923233	0.271874151801859	-0.0777242599810466	B allele increases trait (BB > AA)	6.39566517045622	qtl_trait_report_ANL_20260608_161133.txt	ANL_peak_intervals.tsv	
STIW	Q1	chr2	lod_1.5	Chrom2-135795279	85.2560206999177	2.53750023104559	Chrom2-160099085	108.220687393173	4.25799537449648	Chrom2-162653500	112.730484831628	3.93404550740551	112.730484731628	0.111642651606829	0.0133419037238557	B allele increases trait (BB > AA)	8.22359256623288	qtl_trait_report_STIW_20260608_161138.txt	STIW_peak_intervals.tsv	
STIW	Q2	chr8	lod_1.5	Chrom8-5559192	14.0281664452649	2.28174204950802	Chrom8-103938310	67.4209596211129	3.79092407765945	Chrom8-110015317	84.6793336650558	3.43960191369974	63.0686378590776	-0.062111488669557	-0.654695293378309	B allele increases trait (BB > AA)	12.0875688247895	qtl_trait_report_STIW_20260608_161138.txt	STIW_peak_intervals.tsv	
STIW	Q3	chr1	lod_1.5	Chrom1-16631397	39.0854216630121	2.04681174628677	Chrom1-115245443	56.4068580400199	3.85189181225367	Chrom1-145141298	118.923254448536	0.671185301741795	56.4068580400199	0.109007699846892	0.0574712458828384	B allele increases trait (BB > AA)	10.0152988742981	qtl_trait_report_STIW_20260608_161138.txt	STIW_peak_intervals.tsv	
STYL	Q1	chr6	lod_1.5	Chrom6-7363382	17.2652036061135	2.35124023971079	Chrom6-112313681	67.8597284776	3.97731221664142	Chrom6-114441135	74.8089990346945	2.40617924144294	67.8597284776	1.39260072857749	0.0381910022858725	B allele increases trait (BB > AA)	6.12755810837704	qtl_trait_report_STYL_20260608_161143.txt	STYL_peak_intervals.tsv	
VFN	Q1	chr2	lod_1.5	Chrom2-4576623	9.36943198962067	2.62506269727533	Chrom2-11436320	24.6458396999835	4.19746947758489	Chrom2-14562741	30.659403044976	2.37121311684746	27	1.98390425863509	1.42324488633421	B allele increases trait (BB > AA)	5.68879919179065	qtl_trait_report_VFN_20260608_161148.txt	VFN_peak_intervals.tsv	
VFN	Q2	chr1	lod_1.5	Chrom1-112330121	53.0064672089632	3.81894201604138	Chrom1-117959962	57.4352752360499	5.52920256947334	Chrom1-124526980	61.8614668315148	4.01297174441999	57.4352752360499	2.48177194220752	0.668479041481367	B allele increases trait (BB > AA)	8.53748476531677	qtl_trait_report_VFN_20260608_161148.txt	VFN_peak_intervals.tsv	
FNSC	Q1	chr3	lod_1.5	Chrom3-8824118	17.1762395460885	3.31862224025656	Chrom3-14345953	29.6112555610807	4.9796377142307	Chrom3-15872064	32.1642254129795	3.21320370291335	29.6112555610807	1.39796079135726	1.21428507385136	B allele increases trait (BB > AA)	9.73037981667221	qtl_trait_report_FNSC_20260608_161153.txt	FNSC_peak_intervals.tsv	
EFNSC40	Q1	chr2	lod_1.5	Chrom2-34805081	55.9416857271949	4.27488063723504	c2.loc79.5	79.5	5.79584224282189	Chrom2-135155193	84.6585610835185	4.29127264762812	80.9307036281882	16.2546875320498	-1.54861857446391	B allele increases trait (BB > AA)	22.2539309177397	qtl_trait_report_EFNSC40_20260608_161158.txt	EFNSC40_peak_intervals.tsv	
