unique_ID,INFA,CAL,VEFN,VNG,RALA,RAST,COL,COLL,STAE,TUA,STATL,LABL,LABW,CLL,STAL,STAW,ANL,ANW,STIW,STYL,VFN,FNSC,EFNSC
39_10,31,5.39666666666667,TRUE,FALSE,0,0,45.22,24.98,-2.14,34.8,7.48,52.8,25.24,3.42,50.66,9.8,6.24,2.58,3.04,42.78,11.488,29.9,6.1697752
39_102,26,5.88,TRUE,TRUE,56.95,7.2,NA,NA,NA,NA,NA,NA,NA,NA,NA,NA,NA,NA,NA,NA,17.23,29,NA
39_104,66,6.82,TRUE,TRUE,NA,NA,46.5,29.4,-1.2,19,7.3,55.5,21.6,8.8,54.3,9.4,6.2,2.9,3,46,25.18,26,2.869524
39_108,42.6666666666667,5.40333333333333,TRUE,TRUE,NA,NA,44.5,24.5,0.64,31.6,6.48,49.32,20.56,4,49.96,8.84,5.62,2.94,2.84,41.7,11.6325,31.25,3.81906933333333
39_110,38.5,4.84,TRUE,FALSE,0,0,46.3666666666667,26.9,-0.9,16,7.83333333333333,51.7166666666667,24.25,5.86666666666667,50.8166666666667,8.68333333333333,6.28333333333333,2.71666666666667,2.56666666666667,40.7,9.753,31.7,5.205292
39_115,33.3333333333333,5.06666666666667,TRUE,TRUE,NA,NA,48.75,31.425,-2.85,19.5,9.3,58.9,30.275,3.925,56.05,11,6.9,3.15,2.85,47.625,22.3071428571429,31.1428571428571,5.28537085714286
39_116,42.2,4.592,TRUE,TRUE,2.1,4.16666666666667,46.4333333333333,29.8,-0.9,19.8333333333333,8.51666666666667,52.85,23.9833333333333,6.03333333333333,51.95,9.08333333333333,5.73333333333333,3.18333333333333,3.03333333333333,41.7166666666667,14.651,29.9,6.8761712
39_117,45.25,5.1725,TRUE,TRUE,81.85,8.85,47.8,32.54,-3.2,33.2,10.8,56.66,24.42,7.3,53.58,9.54,5.68,2.92,2.9,41.62,16.82,31.75,4.846001
39_122,29,5.875,TRUE,TRUE,57.85,6.25,43.68,28.1,-0.6,32.8,8.16,54.52,24.04,6.16,53.78,9.12,5.94,3,2.96,45.3,13.4225,32.25,1.636574
39_123,8,4.675,NA,TRUE,43.3,4.7,46.8,29.1,-3.95,20,7.95,54.925,27.825,8.775,50.95,10.575,5.825,2.65,2.425,41,10.349,35.2,2.5242704
39_125,14.5,5.098,TRUE,TRUE,NA,NA,53.1,32.75,-3.275,24.5,10.225,61.4,27.45,4.225,58.125,10.675,6.025,2.775,3,46.8,27.685,33,4.4327608
39_127,11.5,3.685,NA,FALSE,10.6666666666667,1.06666666666667,46.7666666666667,29.7333333333333,-1.53333333333333,28.3333333333333,7.36666666666667,54.3666666666667,22.1333333333333,4.93333333333333,52.8333333333333,9.06666666666667,5.23333333333333,2.33333333333333,3.13333333333333,45.8333333333333,9.832,24,0.3241024
39_13,8,5.46,TRUE,TRUE,NA,NA,51.775,27.9,-4.15,23.5,8.175,60.15,23.9,4.075,56.05,10.3,5.875,2.7,3.3,46.6,13.3566666666667,28.8333333333333,0.950114666666667
39_130,35.75,4.23,TRUE,TRUE,0.029,1.95,47.36,27.98,-2.76,17.4,8.26,55.34,26.58,7.94,52.58,9.8,6.18,2.56,2.76,42.4,17.7591666666667,29.8333333333333,3.43626133333333
39_135,82,5.31,TRUE,TRUE,NA,NA,NA,NA,NA,NA,NA,NA,NA,NA,NA,NA,NA,NA,NA,NA,16.1,NA,11.514152
39_137,10,5.28,NA,TRUE,NA,NA,41.275,27.2,-1.975,21.5,7.325,51.625,26.125,6.95,49.65,9.25,6.025,2.2,3.45,45.675,7.58,30,1.2307184
39_14,42,5.04333333333333,TRUE,TRUE,1.5,0,50.025,30.4,-2.225,22,7.525,57.2,28.375,2.75,54.975,10.075,7.2,2.1,3.025,45.45,11.782,33.1,5.8945912
39_16,43.6,4.552,TRUE,TRUE,22.2,3.1,45.44,27.5,-3,23.4,6.78,53.62,25.62,5.92,50.62,9.96,6.48,2.88,2.86,43.08,19.813125,32.40625,4.805162
39_17,25.25,5.5325,TRUE,TRUE,55.2666666666667,8.6,52.35,30.35,-4.9,25,10.85,64.1,29.9,4.25,59.25,10.45,6.35,2.75,2.5,45.3,17.361,34.4,6.116948
39_2,53.75,4.54,TRUE,FALSE,0,0,50.7666666666667,31.9666666666667,-2.03333333333333,19.3333333333333,8.23333333333333,56.6,27.8,6.46666666666667,54.6333333333333,9.4,6.6,2.73333333333333,2.76666666666667,42.4,17.747,29,3.7728112
39_21,31,5.41,TRUE,TRUE,62.8,6.7,45.4,29.4,-1.5,15.5,8.45,53.95,26.85,4.5,52.15,10.15,6,2.75,2.7,42.3,12.8885714285714,33.3571428571429,1.75105657142857
39_23,26,4.8,TRUE,TRUE,98.2333333333333,6.9,47.85,29.45,-2.4,22,6.7,56.65,22.35,5.95,54.4,9.3,5.85,2.2,2.95,46.1,9.39571428571429,35.2857142857143,0.819946857142857
39_25,46.3333333333333,6.11333333333333,TRUE,TRUE,90,8.2,42.5,26.175,-1.55,11.25,6.825,50.375,24.675,4.925,48.825,9.45,6.65,2.925,3.025,39.575,18.3527272727273,27.8181818181818,4.30776327272727
39_27,13.6666666666667,3.85333333333333,TRUE,TRUE,23,3.6,43.525,25.775,1.11022302462516e-16,27.25,7.7,49.125,20.125,4.175,49.15,8.55,5.2,2.525,2.5,37.425,8.56722222222222,33.1428571428571,0
39_3,11,4.35666666666667,TRUE,FALSE,0.002,0,46.45,27.175,-2.65,15,6.9,52.5,26.2,5.525,49.85,9.075,6.55,2.575,2.575,39.875,9.661,30.6,3.2520904
39_34,64,4.81,TRUE,TRUE,3.29233333333333,0,47.06,29.48,-4.28,24.2,8.8,59.06,25.58,5.92,54.76,9.26,6.82,2.42,2.72,44.14,19.029375,33.25,5.19546
39_39,45.5,5.77,TRUE,TRUE,11.9,3,44.675,27.75,-2.275,19.25,7.925,54.75,26.775,5.875,52.925,9.975,6.35,3.275,2.85,41.675,17.742,33,4.5464032
39_4,37,4.09,TRUE,TRUE,NA,NA,50.875,30.125,-3.05,12.25,10.775,58.175,31.175,7.025,55.125,9.4,6.75,3,2.9,42.425,20.095,32.5,5.3828288
39_40,53.6666666666667,5.28,TRUE,TRUE,98.1333333333333,6.7,47.2,29.85,-3.175,23.25,9.675,54.7,24.95,6.6,51.5,9.775,6.3,2.45,3.05,42.2,14.13,28.2,7.8737664
39_41,26.6,4.7,TRUE,TRUE,4.23333333333333,0,45.05,25.875,-2.075,16,10.225,54.875,28.65,6.975,52.8,9.475,5.975,2.3,2.5,40.5,8.376,30.5,4.6653576
39_42,70,3.37,TRUE,TRUE,63,9.05,43.6,31.7,-0.5,26,7.6,48.7,23.5,6,48.2,8.8,5.5,2.4,3.1,41,18.2,20.2,2.8900728
39_44,61.4,4.246,TRUE,TRUE,NA,NA,51.425,32.175,-2.95,22,7.7,57.5,25.475,5.1,54.55,10.2,6.675,2.425,3.075,44.975,20.40875,31.875,7.477294
39_46,45.75,4.63,TRUE,TRUE,0.41,0,45.5666666666667,28.1666666666667,0.333333333333333,31.6666666666667,9.26666666666667,52.3333333333333,23.3666666666667,6.06666666666667,52.6333333333333,9.33333333333333,5.7,2.26666666666667,3.03333333333333,42.9666666666667,24.366,32,7.0915896
39_49,16.75,3.44,TRUE,TRUE,54.7,7.4,47.3,31.8333333333333,-3.43333333333333,19.1666666666667,7.75,52.9833333333333,26.5333333333333,7.51666666666667,49.6333333333333,9.43333333333333,6.21666666666667,2.58333333333333,2.6,41.3,17.349,28,3.6722856
39_5,35,4.94,TRUE,TRUE,58.85,8.61,49,28.95,-3.25,27,7.6,56.5,26.3,6.15,53.25,8.7,6.55,2.65,2.9,43.15,20.3891666666667,27.9166666666667,4.992018
39_50,50,4.97,TRUE,TRUE,NA,NA,49.1,30.475,-0.3,21,9.925,55.225,26.8,6.1,54.925,10.25,6.575,3.225,2.725,44.975,NA,NA,NA
39_55,12.5,5.755,TRUE,FALSE,0,0,44.6,27.2,-1.1,34,8.5,50.1,22.2,5.7,49,8.5,5.5,2.1,2.7,38.3,12.443,32.2,4.3838336
39_57,19,4.24,TRUE,TRUE,NA,NA,47.25,28.15,-1.45,12.25,6.85,55.5,26.55,5.1,54.05,9.45,7.125,3.05,3.1,45.425,13.72875,25,1.540485
39_58,40,3.58,TRUE,TRUE,NA,NA,46.1,25.9,-3.5,13,7.7,54,23.1,3.6,50.5,9.4,5.9,3.4,2.9,42,19.88375,31.75,0.100106
39_6,31.4285714285714,5.22428571428571,TRUE,TRUE,90.05,6.45,47.4,30.45,-2.125,10.75,8.675,54.7,25.775,5.725,52.575,9.525,6.45,2.575,3.575,42.925,10.606,33.8,7.4011568
39_60,17.5,4.635,TRUE,TRUE,NA,NA,46.72,27.2,-2.48,16.2,6.66,52.9,24.36,5,50.42,9.44,6.06,2.88,2.66,41.28,24.258,28.5,1.459136
39_62,52.5,5.4,FALSE,TRUE,NA,NA,47.35,29.325,-3.525,18.5,7.925,57.675,28.75,4.8,54.15,10.2,7.675,2.575,2.975,44.4,19.987,31.7,0
39_65,41.75,4.1,TRUE,FALSE,0.02,0,39.9666666666667,24.6166666666667,-0.133333333333333,23.6666666666667,6.98,44.9833333333333,21.3333333333333,5.65,44.85,8.3,5.08333333333333,2.71666666666667,2.81666666666667,36.0333333333333,10.209,26.4,0.9858672
39_67,44,4.395,NA,NA,NA,NA,49.8333333333333,30.1333333333333,-2.9,16,7.8,57.7333333333333,25.3666666666667,5.8,54.8333333333333,9.7,6.3,2.9,3.03333333333333,44.3,11.024,31.8,0.3241024
39_70,26.5,5.13,TRUE,TRUE,NA,NA,NA,NA,NA,NA,NA,NA,NA,NA,NA,NA,NA,NA,NA,NA,NA,NA,NA
39_72,30,6.73,FALSE,TRUE,NA,NA,NA,NA,NA,NA,NA,NA,NA,NA,NA,NA,NA,NA,NA,NA,7.3225,25,0
39_75,42,4.10666666666667,FALSE,FALSE,NA,NA,45.1,30.7,-2.06666666666667,NA,6.36666666666667,49.9333333333333,21.1,4.36666666666667,48.1666666666667,9.03333333333333,5.7,3.43333333333333,2.5,41.0333333333333,14.3385714285714,29.3571428571429,0
39_77,63.3333333333333,5.47,TRUE,TRUE,89.75,6.55,48.55,34.3,-2.4,23,10.2,55.425,28.7,6.725,52.975,10.3,6.075,2.95,2.7,40.375,20.9133333333333,32,6.93374266666667
39_78,46.6666666666667,4.61,TRUE,TRUE,161.1,9.4,47.025,28.7,-3.8,11.75,7.425,58.2,28.875,5.25,54.4,11.3,6.925,2.525,2.8,45.125,19.24875,34.625,1.42517
39_79,23,4.43,TRUE,TRUE,143.733333333333,12.1666666666667,53.275,32.725,-0.175,11.5,8.925,55.55,25.95,5.525,55.375,10.4,6.45,2.8,2.925,44.35,18.435,35.2,7.5518888
39_8,40,5.33,TRUE,TRUE,NA,NA,50.5,30.2,-3.975,16.5,7.45,56.1,27.15,3.525,52.125,9.95,6.075,2.825,2.85,43.875,21.0575,38,1.212236
39_82,15.1666666666667,5.29333333333333,TRUE,FALSE,0,0,43.975,26.95,-1.7,16,7.175,49.975,25.775,7.375,48.275,8.775,6.35,2.65,2.5,39.2,17.336,30.7,7.9513144
39_83,35.4285714285714,4.61714285714286,TRUE,TRUE,2,0,45.6,29.3,-1.9,20.6666666666667,7.56666666666667,51.3666666666667,27.2,5.26666666666667,49.4666666666667,9.63333333333333,5.93333333333333,2.1,2.73333333333333,41.9,28.5478571428571,33.4285714285714,2.81530114285714
39_87,53,4.74,TRUE,TRUE,NA,NA,50.3666666666667,30.9333333333333,-3.9,21,8.53333333333333,58,25.7,5.5,54.1,9.7,6.53333333333333,3.13333333333333,3.16666666666667,44.6333333333333,NA,NA,NA
39_9,33,6.2,TRUE,TRUE,3.05,1.055,47.275,27.075,-0.675,19.25,9.975,53.1,21.65,7.3,52.375,8.65,5.625,2.55,2.8,40.425,10.415,31.25,0.608506
39_90,45,6.98,TRUE,FALSE,NA,NA,48.85,31.15,-5.65,21,8.55,58.7,30.3,2.85,53.05,10.85,7.05,2.5,2.7,43.8,29.63,33,8.173496
39_92,39.75,4.9825,TRUE,FALSE,0,0,49.48,29.86,-2.58,16.4,9.68,57.28,28.88,5.76,54.7,9.7,6.64,3.34,2.98,44.16,19.755,31.875,4.301765
39_93,33,5.62,TRUE,TRUE,NA,NA,54.175,33,-6,16.25,9.675,61.2,27.9,4.9,55.2,10.025,6.725,2.925,3.15,44.05,21.4016666666667,30.8333333333333,NA
39_95,19.75,5.2275,TRUE,TRUE,36.2333333333333,8.06666666666667,44.25,27,-4.2,25,7.025,53.025,22.3,4.925,48.875,8.425,5.275,2.7,2.75,40.2,15.2916666666667,32.9166666666667,1.29387866666667
39_96,0,3.27,TRUE,TRUE,91.8666666666667,8.8,44.2,28.84,-3.34,27.2,6.76,51.34,21.92,7.46,48.56,8.38,5.46,2.46,2.76,43.1,12.2541666666667,27.7916666666667,0.983593333333333
39_98,33.25,4.4325,TRUE,TRUE,94.65,10,46.65,30,-0.0499999999999999,15.5,10.375,54.325,23.525,4.775,54.275,9.575,5.225,3,2.925,42.225,21.2125,30,5.75667333333333
39_99,98,4.17,TRUE,TRUE,NA,NA,NA,NA,NA,NA,NA,NA,NA,NA,NA,NA,NA,NA,NA,NA,11.9,24,0.80396
62_0,49,5.5,TRUE,FALSE,NA,NA,NA,NA,NA,NA,NA,NA,NA,NA,NA,NA,NA,NA,NA,NA,NA,NA,NA
62_10,52,5.4,FALSE,TRUE,110.8,11.25,43.2,29.2,-1.525,25.5,7.925,52.125,26.675,7.225,50.6,9.625,6.85,2.925,2.975,37.525,15.175,25.625,1.137975
62_100,23,7.3,TRUE,FALSE,NA,NA,45.0766666666667,29.6666666666667,-2.46666666666667,25.6666666666667,5.33333333333333,53.2666666666667,25.1,4.3,50.8,8.7,7.5,2.7,3,36.4666666666667,19.295,34,0.50053
62_103,36.5,4.2,TRUE,TRUE,6.35,1.15,42.65,28.125,-1.4,24.75,4.4,49.75,19.025,5.025,48.35,7.525,6.95,2.6,2.675,32.5,20.245,31.375,0.6276075
62_105,37.5,6.575,TRUE,TRUE,19.7,2.8,44.85,29.675,-0.875,23.25,5.375,52.7,23.05,6.5,51.825,8,6.65,2.875,3.275,38.925,14.375,32.25,1.1340175
62_107,60.6666666666667,3.995,TRUE,TRUE,32.4,5.3,45.85,29.6,-3.875,22.75,4.925,51.05,22.525,5.325,47.175,8.025,7.15,2.7,3.125,31,15.1525,28.6875,1.050888
62_109,38,5.25,NA,FALSE,0,0,39.925,24.325,-2.175,19.75,5.15,50.825,22.85,6.6,48.65,8.9,7.35,2.875,3.1,33.925,10.47125,32.375,0.626635
62_116,29.25,5.375,TRUE,FALSE,0.65,0,42.875,30.2,-1.95,25.5,5.3,49.5,23.6,7.65,47.55,8.125,6.375,2.975,3.025,36.125,13.2225,29.5,1.791655
62_118,24,5.95,FALSE,NA,NA,NA,39.1,23.7,1.9,23,3.4,49.5,17.1,3.3,51.4,8.4,5.9,2.5,2.9,38.5,NA,NA,NA
62_119,96.8,4.482,TRUE,FALSE,NA,NA,46.475,31.55,-2.875,17.25,6.825,56.775,25.375,6.025,53.9,9.925,7.075,2.875,3,45.15,15.185,27,1.007302
62_122,52.3333333333333,6.23333333333333,FALSE,TRUE,97.4,11.3,48.8,31.35,-1.7,18,5.05,55.375,22.15,3.05,53.675,8.2825,6.375,2.875,3.3,37.325,16.2375,26.625,0
62_124,41,5,TRUE,FALSE,0,0,44.825,28.05,-2.175,21.75,5.1,53.275,22.45,6.025,51.1,9.225,6.4,3,2.6,35.15,16.8166666666667,32,0.83681
62_125,71.6666666666667,6.01333333333333,FALSE,TRUE,33.9,6.6,47.6,26.1,-3.3,24,5,57.4,17.7,5.6,54.1,7.7,7.1,3.5,3,42.6,15.324,21,0.489984
62_128,24.5,3.76,TRUE,TRUE,1.1,0.1,42.025,26.575,1.4,20,6.125,50.125,21.25,6.125,51.525,7.95,5.6,2.6,2.825,33.65,15.08375,25.625,0
62_129,31.5,4.265,TRUE,TRUE,NA,NA,42.78,28.28,-4.58,12,6.18,53.42,22,8.16,48.76,9.24,7.02,3.02,3.28,40.76,16.279,24.2,0.894244
62_13,51.3333333333333,4.62,TRUE,FALSE,0,0,39.375,25.675,-1.225,28.25,3.1,46.25,16.3,3.925,45.025,7.575,5.75,3.2,3.05,36.05,11.5644444444444,35.1666666666667,2.74698066666667
62_130,57,5.1,FALSE,FALSE,NA,NA,44.4,28.65,-2.15,24.75,6.575,51.825,24.5,6.325,49.675,9.125,6.525,2.9,2.9,37.725,7.245,32.5,0
62_131,37.4,4.93,TRUE,FALSE,0,0,41.2,26.65,-1.55,26.75,6.525,47.5,23.225,6.5,45.95,8.85,6.1,3.15,2.275,33.75,15.1183333333333,29.25,2.88848666666667
62_134,47,3.2,FALSE,TRUE,NA,NA,51,30.8666666666667,-4.1,15.6666666666667,6.56666666666667,58.8333333333333,28.4333333333333,3,54.7333333333333,8.93333333333333,6.56666666666667,2.7,3.23333333333333,41.4333333333333,17.76,29,0
62_135,37.25,6.075,TRUE,FALSE,0,0,41.225,27.275,-1.65,25,4.45,49,24.25,4.85,47.35,9.95,6.5,3.2,2.725,34.65,31.38125,30,1.515295
62_136,42.6666666666667,4.93333333333333,TRUE,FALSE,0,0,44.775,26.825,-2.575,22.25,6.075,55.15,24.3,7.525,52.575,9.225,6.65,2.975,2.975,38.725,17.8725,34.375,0.1251325
62_137,49,4.2,FALSE,FALSE,NA,NA,42.3,26.8,-0.2,22,8.8,52.3,25.7,7.2,52.1,9,6.3,2.3,3.1,45.9,19.045,31.8333333333333,0.675213333333333
62_138,39,4.9,FALSE,TRUE,12.8,2.2,44.3333333333333,28.9333333333333,-1.53333333333333,21.6666666666667,6.13333333333333,54.4,19.3666666666667,5.76666666666667,52.8666666666667,8.43333333333333,6.4,2.8,2.56666666666667,36.1666666666667,29.69,30.375,0.1251325
62_139,52.5,4.325,FALSE,FALSE,NA,NA,39.65,22.1,-1.25,19,5.5,49.55,20.1,3.6,48.3,8.2,5.75,3.15,2.45,33,13.4525,28.625,0.5015025
62_14,19,4.9,FALSE,FALSE,2.7,0.1,43.7,29.9,-3.2,20,4.9,52.2,23.1,4.6,49,8.9,5.9,2.7,3.5,39.7,17.73,31.5,0
62_140,49.6666666666667,3.90666666666667,TRUE,FALSE,0.001,0,41.225,27.05,-0.975,21.25,6.325,48.3,23.4,5.95,47.325,8.15,7.15,2.725,2.825,33.325,24.398,30.4,1.1312104
62_141,57,5.22,TRUE,FALSE,NA,NA,NA,NA,NA,NA,NA,NA,NA,NA,NA,NA,NA,NA,NA,NA,20.52,29,NA
62_143,83,6.43,NA,TRUE,NA,NA,48.775,30.125,-2.45,16.5,4.85,58.1,19.85,3.55,55.65,8.375,6.675,2.9,2.875,41.625,20.0225,35.375,0.2512375
62_144,58.4,5.97,TRUE,FALSE,0,0,42.2,27.075,-1.325,19.75,5.175,52.075,23.05,4.525,50.75,8.125,7.775,2.85,2.925,40.275,15.2255555555556,29.6111111111111,1.46927866666667
62_147,52,6.75,TRUE,TRUE,57.35,2.45,39.35,25.1,-2.6,20,3.375,50.05,20.125,3.3,47.45,7.625,7.175,2.425,2.725,27.95,14.43875,32.75,1.2671025
62_148,51,6.6,FALSE,TRUE,NA,NA,NA,NA,NA,NA,NA,NA,NA,NA,NA,NA,NA,NA,NA,NA,21.045,28.75,0
62_151,50,6,TRUE,TRUE,75.9,10.6,42.9,26.8,-2.1,18,3.7,48.3,25.5,5.7,46.2,9.9,6.8,3,2.5,34.3,23.315,24.25,4.40723
62_152,43,5.39,NA,FALSE,0,0,43.7,27.7,-1.325,13.75,5.6,50.2,22.025,6.925,48.875,9.025,7.1,2.925,3.1,40.075,18.62,33.6666666666667,3.37952744444444
62_153,40.25,5.675,FALSE,FALSE,0,0,42.65,28.075,2.475,23,5.825,50.1,21.45,5.75,52.575,8.2,7.325,2.6,2.925,36.475,15.695,34,0.1251325
62_154,41,5.2425,TRUE,TRUE,5.3,0.1,42.6,25.85,-0.9,21.25,6.825,50.575,19.025,6.725,49.675,8,6.5,3.05,2.65,33.5,14.698125,32,1.337276
62_157,111,4.615,TRUE,TRUE,NA,NA,51.66,32.64,-2.46,24.8,9.02,58.36,29.62,8.32,55.9,10,7.42,2.72,3.26,45.9,11.365,36.2,3.6359392
62_158,0,5,TRUE,FALSE,NA,NA,44.6,27.875,-1.975,22.25,7.1,50.45,24.875,5.9,48.475,9.75,7.325,3.05,3.1,39.225,11.65,31,11.0251
62_16,40.6666666666667,6.82,NA,TRUE,NA,NA,46.775,29.2,-2.025,20.5,4.625,55.15,18.25,5.15,53.125,7.175,6.825,2.775,2.95,40.725,19.8394444444444,33.3333333333333,3.60787933333333
62_162,64.4,6.978,TRUE,FALSE,NA,NA,48.45,29.275,-0.675,26.75,6.7,55.05,28.525,7.35,54.375,9.7,NA,2.525,2.8,34.075,12.73375,33.125,5.120270625
62_163,72,5.64333333333333,TRUE,TRUE,NA,NA,46.2333333333333,29.5833333333333,-4.98333333333333,15.6666666666667,7.28333333333333,55.1833333333333,23.9333333333333,5.65,50.2,9.51666666666667,6.45,2.65,3.13333333333333,43.45,24.999,30,6.344328
62_167,61.2,6.39,FALSE,TRUE,46.2,8,41.505,26.5,-0.15,34.25,6.25,49.85,23.925,5.1,49.7,8.925,7.675,2.625,NA,35.5,12.9192857142857,29.3571428571429,3.195648
62_168,42,4.8,FALSE,TRUE,10.75,1,41.8,26.75,-3.525,18.25,3.9,51.3,22.075,5.375,47.775,8.7,7.075,3.325,2.925,35.425,16.975,27.25,1.14197
62_169,43,3.3,TRUE,TRUE,6.9,0.1,40.1,25.2666666666667,5.55111512312578e-17,14,6.06666666666667,47.0666666666667,18.6333333333333,5.56666666666667,47.0666666666667,8.2,5.53333333333333,2.93333333333333,2.4,35,22.8725,23.25,0.37637
62_17,69.25,5.175,FALSE,TRUE,NA,NA,49.15,29.55,-2.775,17.25,6.025,54.475,25.85,8.2,51.7,9.15,7.15,3.05,3.125,35.825,12.24875,34.25,0
62_172,94.5,4.7475,TRUE,TRUE,NA,NA,43.55,27.25,-3.025,30,6.925,52.425,26.1,8.075,49.4,9.475,7.45,2.8,2.475,40.5,27.535,30.6666666666667,7.90177133333333
62_173,51.25,4.525,TRUE,TRUE,75.45,8.1,41.2,27.4333333333333,-0.233333333333333,22.3333333333333,5.93333333333333,48.6,25.4333333333333,6.46666666666667,48.3666666666667,9.1,6.9,3.16666666666667,2.93333333333333,36.8333333333333,14.6575,23.25,2.03470125
62_175,39,4.90666666666667,TRUE,FALSE,0,0,42.25,26.55,-0.775,20.75,5.05,49.175,22.625,5.2,48.4,9.425,6.45,3.35,2.925,37.675,19.188,31.9,2.3285508
62_18,24.6666666666667,5.06666666666667,FALSE,FALSE,0,0,39.925,26.275,9.71445146547012e-17,24.25,5,46.4,22.575,5.25,46.4,8.625,5.85,2.775,2.5,34.5,11.84,30.25,0.37637
62_182,37.25,4.875,TRUE,TRUE,48.05,4.95,39.875,24.3,-1.125,32,5.15,49.05,23.6,6.175,47.925,8.275,6.55,3.075,3.225,33.825,14.18125,30.5,3.751215
62_183,0,5.74,TRUE,FALSE,NA,NA,43.76,26.08,-1.1,16.2,6.16,51.62,26.72,6.76,50.52,9.48,5.92,2.24,2.94,45.26,22.019,31.7,2.9446056
62_184,41,3.3,TRUE,FALSE,NA,NA,38.7,24.8,-2.55,29,5.85,52.65,24.1,6.1,50.1,8.5,5.85,2.6,2.45,35.75,8.125,28,0.166843333333333
62_185,41,5.52666666666667,TRUE,TRUE,99.7,13,47.125,32.775,-2.875,10,7.6,56.3,29.25,9.225,53.525,10.85,6.85,2.725,3.175,45.3,14.4054545454545,32.4545454545455,2.41105618181818
62_188,46,5.4,FALSE,FALSE,NA,NA,38.3333333333333,22.7,-3.36666666666667,21.3333333333333,6.6,53.0666666666667,23.4666666666667,7.23333333333333,49.7,8.93333333333333,6.33333333333333,2.66666666666667,2.66666666666667,36.7333333333333,11.69,29.75,0.88473625
62_189,48,4.75,TRUE,FALSE,NA,NA,43.9666666666667,27.5,-2.83333333333333,29.3333333333333,7.2,54.0666666666667,26.7666666666667,4.7,51.2333333333333,9.6,7.06666666666667,2.63333333333333,2.93333333333333,37.2,13.675,31.875,0.626635
62_19,44.3333333333333,4.34333333333333,TRUE,FALSE,13.2,0,43.4333333333333,28.5833333333333,-0.716666666666667,18.3333333333333,5.7,51.6666666666667,20.4166666666667,9.16666666666667,50.9333333333333,8.88333333333333,6.06666666666667,2.66666666666667,3.01666666666667,36.7666666666667,15.5977777777778,31.3888888888889,2.916191
62_190,22.5,4.875,TRUE,FALSE,0,0,42.5,25.5333333333333,-0.666666666666667,29.6666666666667,6.83333333333333,49.3666666666667,25.7,7.46666666666667,48.7,9.26666666666667,6.13333333333333,3.13333333333333,2.16666666666667,38.8,13.6291666666667,25.4166666666667,3.91515533333333
62_197,55.25,4.65,NA,TRUE,NA,NA,44.5,25.6,-3.3,13,4.5,53.3,20.9,6.5,50,8.9,6,2.1,3.3,39.8,16.836,30,0.809496
62_198,20,3.63,TRUE,FALSE,NA,NA,37.45,23.65,-0.125,18,6.775,46.475,24.425,7.2,46.35,9.45,6.425,2.625,2.2,37.55,16.975,25,2.0336
62_200,82.5,4.9125,TRUE,TRUE,NA,NA,48.775,28.975,-2.85,9.5,6.9,54.575,27.05,4.65,51.725,10.425,7.125,3.45,3.425,43.4,27.304,34,9.876244
62_201,61.25,4.525,NA,TRUE,NA,NA,42.7,27.9666666666667,-0.466666666666667,19,7.5,49.9333333333333,25.0333333333333,6.4,49.4666666666667,8.9,6.7,2.3,2.66666666666667,40.4666666666667,23.0335714285714,30.4285714285714,1.84168514285714
62_206,34.75,4.11875,TRUE,TRUE,2.1,0.4535,43.58,28.24,-2.48,18.4,5.84,49.42,20.18,8.48,46.94,8.28,6.36,2.86,2.46,36.8,15.793,29.5,2.7284488
62_207,78.6666666666667,5.10666666666667,TRUE,TRUE,NA,NA,45.4333333333333,27.7666666666667,-1.83333333333333,11.6666666666667,6.2,51.3,26.0666666666667,6.56666666666667,49.4666666666667,9.26666666666667,6.23333333333333,2.3,2.96666666666667,42.5666666666667,25.009,27.1,1.705064
62_208,93,5.69,TRUE,TRUE,NA,NA,NA,NA,NA,NA,NA,NA,NA,NA,NA,NA,NA,NA,NA,NA,11.53875,20,4.526928
62_21,43.75,6.15,FALSE,FALSE,5.3,0.133333333333333,43.775,29.675,-1.575,18.5,6.675,53.925,18.975,5.2,52.35,6.6,6.65,2.875,2.8,35.3,13.15625,35.125,0.37637
62_214,39.5,5.75,TRUE,TRUE,30.4333333333333,4,44.025,28.625,-1.6,24.75,5.75,51.375,23.575,4.8,49.775,7.2,7.85,2.6,2.6,36.525,13.455,30.375,0.6276075
62_217,105,5.89,TRUE,TRUE,NA,NA,47,32.35,-2.1,20,7.9,54,30.25,6.4,51.9,10.05,7.05,2.3,3.4,41.45,22.248,32,4.667284
62_219,110,4.92,TRUE,TRUE,NA,NA,51.7,32.35,-2.675,10.75,7.25,59.475,28.525,7.1,56.8,11.1,8.45,3.2,3.45,47.05,NA,NA,NA
62_22,39.5,7.075,FALSE,TRUE,11.1,2.9,45.925,29.9,-1.525,18.75,4.975,53.25,19.725,5.575,51.725,7.1,6.675,2.575,2.95,38.7,17.82125,32.5,1.26110625
62_220,17,5.67,TRUE,TRUE,NA,NA,43.9333333333333,27.3,-4.5,13,6.2,52.8,24.3,7.06666666666667,48.3,10.1666666666667,7.23333333333333,2.53333333333333,3,37.6,16.03,30,3.292416
62_225,40.75,5.2275,TRUE,TRUE,1.75,1.65,38.825,22.65,-0.85,27.5,6.65,48.45,23.225,7.025,47.6,9.15,6.725,2.85,2.425,37.75,19.7725,34.4166666666667,6.76033533333333
62_227,52.5,4.41,TRUE,FALSE,NA,NA,40.6,24.08,-0.2,13.4,6.24,46.28,19.06,7.44,46.08,7.64,5.36,2.58,2.46,39.64,12.3,20.9,2.9886768
62_234,33.5,4.35,NA,TRUE,81.5,16.1,45.45,28.45,-2.85,21.5,6.1,53.4,28.4,4.8,50.55,9.25,7.8,2.5,3.4,35.05,28.355,32.375,1.2640575
62_24,113,3.57,FALSE,FALSE,NA,NA,49.2,31.88,-5.04,12.8,6.9,57.12,26.74,5.2,52.08,9.98,8.14,3.16,3.08,44.36,35.249,35,0.9162824
62_240,62.5,5.09,TRUE,TRUE,113.3,6.6,48.66,31.34,-4.04,22.2,7.38,57.58,29.16,6.74,53.54,10.14,6.66,3.08,2.66,44.3,6.72375,23.5,3.685813
62_247,55,5.24,TRUE,TRUE,NA,NA,49.4,29.9,-2.9,24,7.6,57,24.8,3.8,54.1,9.3,6.3,2.2,2.9,43.8,NA,NA,NA
62_251,84.6666666666667,4.38333333333333,TRUE,FALSE,NA,NA,46.44,27.74,-4.1,15.2,6.42,54.36,23.68,4.7,50.34,9.72,6.52,3,3.12,41.12,19.135,35.3,8.2974864
62_252,37.25,5.65,NA,TRUE,NA,NA,41.9,27.9666666666667,-0.9,18.3333333333333,7.66666666666667,48.9,21.1666666666667,6.76666666666667,48,8.03333333333333,5.56666666666667,2.76666666666667,2.63333333333333,36.8666666666667,14.548,30.7,0.302661
62_256,23,2.4,TRUE,TRUE,NA,NA,47,29.45,-4.2,21.5,7.05,56.65,26.2,6.9,52.45,9.45,6.55,2.8,3.15,41.4,19.155,31.125,7.302564
62_258,42.25,4.825,FALSE,FALSE,0,0,40.975,30.9,-1,26.25,7.025,49.2,23.75,5.425,48.2,9.275,6.65,2.675,2.85,34.875,8.33125,30.25,0
62_261,32.75,5.175,FALSE,FALSE,0,0,44.225,25.325,-1.625,20.75,6.15,55.225,25.275,5.6,53.6,8.65,6.825,2.55,2.875,38.775,13.15875,30,0.2512375
62_262,30,6.27,TRUE,TRUE,NA,NA,NA,NA,NA,NA,NA,NA,NA,NA,NA,NA,NA,NA,NA,NA,NA,NA,NA
62_264,60,4.26,TRUE,TRUE,NA,NA,NA,NA,NA,NA,NA,NA,NA,NA,NA,NA,NA,NA,NA,NA,23.57,25,1.210644
62_267,40.5,4.735,TRUE,FALSE,NA,NA,45.075,28.375,-2.7,18,8.05,52.275,30.325,6.925,49.575,10.675,7.225,2.9,2.8,39.175,23.1316666666667,32.25,4.02223933333333
62_268,45.5,5.135,TRUE,TRUE,NA,NA,45.62,29.38,-2.84,19.4,5.44,52.96,25.56,6.4,50.12,9.94,6.54,2.34,3.16,43.92,23.4025,28.6666666666667,6.68801133333333
62_274,50,6.19,TRUE,TRUE,88.2,11.6,44.6,28.4,-1.3,30,6.9,51.7,25.2,6.3,50.4,9.1,7.4,2.9,3,41.1,16.7883333333333,29.5,8.57930666666667
62_276,32.25,4.625,NA,TRUE,53.5666666666667,4.83333333333333,46.525,27.175,1.75,17.75,6.925,54.7,21.675,3.875,56.45,7.575,7,3.075,2.5,37.85,13.535,26.5,0.37637
62_280,57,4.03,TRUE,FALSE,NA,NA,43.4,28.46,-2.9,24.4,6.94,50.38,26.72,6.16,47.48,10.08,7.26,3.3,3.1,39.06,14.5216666666667,32.6666666666667,4.77174666666667
62_281,37,4.87,TRUE,FALSE,NA,NA,42,28.7,-2,23,5.75,48.75,20.25,7.1,46.75,8.45,6.45,3.15,2.65,38.45,17.179,24.4,2.0400816
62_282,30,4.86,TRUE,TRUE,35.1,3.9,42,24.8,1,22,6.6,47.8,20.3,4.5,48.8,8.3,6.4,2.5,2.6,38.9,10.8025,25,7.23735866666667
62_284,18,4.21,TRUE,FALSE,NA,NA,NA,NA,NA,NA,NA,NA,NA,NA,NA,NA,NA,NA,NA,NA,24.99,30.125,2.789867
62_286,63,4.26,TRUE,TRUE,NA,NA,44.1,29.55,-0.75,16,7.4,52,28.1,7.95,51.25,10.15,6.85,2.85,2.75,43.65,26.9716666666667,32.1666666666667,5.77981866666667
62_293,35,5.325,TRUE,FALSE,NA,NA,36.9,22.75,-1.95,19.5,5.5,43.45,17.25,5.2,41.5,7.3,6.1,3.1,2.5,34.45,5.45,NA,2.261326
62_296,34,6,TRUE,TRUE,158.1,13.3,48.2,29.7,-3.1,23,6.7,57.1,26,5.4,54,8.4,7.3,2.9,2.7,41.7,14.4375,33.75,0.37637
62_299,35,5.2,FALSE,TRUE,NA,NA,38.4,23.65,0.45,29.5,5.65,47.4,22.05,6.05,47.85,8.3,6.45,3,2.7,36.1,9.85166666666667,32.8333333333333,0.334983333333333
62_300,34,4.8,NA,TRUE,NA,NA,NA,NA,NA,NA,NA,NA,NA,NA,NA,NA,NA,NA,NA,NA,12.915,25.125,0
62_301,50,4.63,FALSE,TRUE,NA,NA,46.82,28.5,-2.2,17.8,7.44,55.14,25.32,5.28,52.94,8.46,6.34,2.56,3,44.56,25.64,34.7,0
62_302,37,4.355,TRUE,TRUE,35.5,9,44.8,27.45,-1.85,26.5,5.95,52.9,25.2,7.075,51.05,9.25,6.95,3,3,38.675,18.77375,33.625,3.76043875
62_303,56.25,6,TRUE,FALSE,0,0,42.225,27.675,0.875,20.25,5.675,50.9,20.1,4.125,51.775,8.825,6.775,2.7,2.575,37.925,15.2625,33.625,1.00986875
62_304,50.75,5.9,FALSE,TRUE,NA,NA,49.05,31.175,-4.425,17.75,7.575,58.575,28.175,5.725,54.15,9.6,7.325,3.475,3.375,45.725,14.7525,36.25,1.2670425
62_305,43.25,5.475,NA,FALSE,0,0,37.7833333333333,23.3833333333333,0.683333333333333,17.8333333333333,6.28333333333333,47.85,23.6166666666667,4.83333333333333,48.8666666666667,8.21666666666667,6.01666666666667,2.6,2.6,39.5833333333333,9.6125,33.75,1.14191
62_306,96,4.705,NA,NA,NA,NA,40.85,28.7,-1.65,15.75,4.175,48.925,21.925,5.2,47.275,7.625,7.225,2.925,2.95,39.05,17.12,25.3333333333333,0.571835666666667
62_307,27.75,5.3,TRUE,FALSE,0,0,38.78,26.08,-0.22,22,5.84,47.3,18.82,6.52,47.08,7.42,7.02,3.44,2.86,35.4,10.075,29.9166666666667,2.83803675
62_308,34,3.8,FALSE,FALSE,NA,NA,42.45,27.65,-0.35,26,5.1,51.15,22.3,6.15,50.8,8.6,6.05,3.1,2.7,38.2,18.4416666666667,27.3333333333333,1.34518
62_309,31,4.9,NA,TRUE,6.75,4.3,44.1,30.8666666666667,-2.46666666666667,27.3333333333333,6.36666666666667,52.2333333333333,23.9,4.66666666666667,49.7666666666667,8.66666666666667,5.53333333333333,2.76666666666667,2.9,34.0666666666667,11.665,31.375,1.774485
62_310,85.6666666666667,4.53333333333333,TRUE,TRUE,NA,NA,47.64,30.06,-2.68,18.8,6.9,56.72,28.1,5.6,54.04,10.12,7.04,2.7,3.08,44.24,17.251,33.4,3.324488
62_313,50.75,6.2,FALSE,TRUE,23,2,42.95,31.1,-2.85,28.5,4.3,51.4,23.25,3.1,48.55,8.6,6.75,2.7,3.2,35.6,9.59,36,0.50345875
62_322,42,5,TRUE,FALSE,0,0,42.125,28.975,-2.975,22,5.15,49.4,24.2,6.4,46.425,9.625,6.325,3.2,2.925,37.175,13.45625,31.75,0.502475
62_324,26.25,4.825,TRUE,TRUE,25.25,1.3,37.95,23.65,-0.925,21,2.95,46.975,16.575,5.3,46.05,7.4,6.25,3.1,2.925,37.675,12.66125,30.625,0.88473625
62_327,58.5,5.65,NA,FALSE,NA,NA,44.4666666666667,27.9666666666667,-1.6,22.3333333333333,5.26666666666667,51.9333333333333,25,5.7,50.4333333333333,10,6.46666666666667,3.03333333333333,3.16666666666667,38.5,13.8566666666667,36.6666666666667,2.04255933333333
62_332,49.8,5.424,TRUE,TRUE,48.3,2.15,39.12,24.26,-3,17.8,4.18,48.58,19.44,4.4,45.6,8.54,6.22,3.12,2.94,36.95,8.2525,26.0625,0.188185
62_338,40.8,4.536,TRUE,TRUE,65.2,NA,47.25,31.875,-1.325,23.25,9.975,52.875,26,9.075,51.55,9.375,7.525,2.775,3.2,38.5,12.768,34.4,6.452008
62_355,27.6666666666667,4.69833333333333,TRUE,FALSE,0.006,0,41.25,26.625,-0.6,23.25,5.975,48.275,21.075,7.6,47.675,7.675,6.025,2.7,2.7,34.425,16.3808333333333,25.5833333333333,4.48965633333333
62_359,27.8,5.532,TRUE,FALSE,0,0,39.0166666666667,25.0833333333333,1.56666666666667,25,5.3,45.3333333333333,19.4833333333333,3.88333333333333,46.9166666666667,8.71666666666667,5.91666666666667,3.08333333333333,2.56666666666667,35.9166666666667,9.83333333333333,35.1666666666667,2.156404
62_365,70,4.98,TRUE,TRUE,NA,NA,48.28,31.34,-4.82,15.2,7.5,55.5,26.4,7.14,50.68,10.5,7.34,3,3.26,41.28,27.66,32,6.34866
62_370,23,4.9,TRUE,TRUE,53.7,2.9,44.475,28.925,-2.325,21,6.875,51.075,20.825,5.95,48.75,8.5,6.425,3.075,3.125,33.15,12.17375,30.125,0.7537125
62_5,42.25,5.725,FALSE,TRUE,8.1,0.75,45,25.46,-2.16,25.8,4.82,52.24,18,3.58,50.08,7.06,6.88,2.6,2.66,37.1,18.49125,34.75,0.6276075
62_57,37.75,4.85,TRUE,TRUE,13.25,6.6,43.12,28.1,-1.12,23.8,6.34,50.52,25.84,8.08,49.4,10.02,6.56,3.3,2.78,36.78,12.87,26.2,2.0575864
62_58,50.1428571428571,5.36428571428571,TRUE,TRUE,31.55,4.05,43.76,27.92,2.28,22,5.96,50.04,21.22,4.74,52.38,7.52,7.08,2.6,2.9,39.66,12.4344444444444,29.3333333333333,3.42414311111111
62_59,51,6.025,FALSE,TRUE,45.7,11.1,47.35,29.65,-2.6,22.75,5.225,54.6,26.95,5.95,52,8.8,7.225,2.4,3.425,38.35,15.1661111111111,34.4444444444444,2.10337777777778
62_60,73,6.2,FALSE,FALSE,0,0,45.35,27.1,-3.7,23,6.25,52.75,28.3,5.55,49.05,9.85,6.85,2.8,3.35,37.45,13.844875,32.875,0.88473625
62_62,27.5,5.37,TRUE,TRUE,64.35,0.7,47,30.6,-3.8,28,7.6,54.9,28.1,8,51.1,10.2,7,2.7,3,40.1,15.084,29.5,1.488488
62_63,51.5,4.825,TRUE,FALSE,0,0,48.1,28.8,-4.375,10.5,7,54.85,20.85,5.225,50.475,9.1,6.45,3.2,2.825,38.2,18.795,32.5,1.02888
62_64,60,4.59,TRUE,TRUE,NA,NA,NA,NA,NA,NA,NA,NA,NA,NA,NA,NA,NA,NA,NA,NA,0,NA,0.80396
62_65,47,7.02,TRUE,TRUE,NA,NA,49.3,31.175,-2.225,8.5,7.525,55.825,21.975,6.525,53.6,9.225,6.025,2.85,2.95,43.675,17.48,30,8.6469
62_66,37.5,3.6,TRUE,TRUE,3.3,0.05,41.7,26.925,-1.975,20,6.55,51.775,21.225,7.525,49.8,8.375,6.125,3,2.9,35.525,10.3875,27.875,2.050075
62_69,14,4.095,TRUE,TRUE,NA,NA,43.54,29.1,-3.6,15,5.2,48.96,24.06,7.66,45.36,9.72,7.34,3.24,2.96,37.06,9.4175,17.5,3.51061
62_73,26.25,5.3,TRUE,FALSE,0,0,43.6,26.775,-2,17.75,5.325,51.075,20.15,4.6,49.075,8.2,6.7,2.7,3.1,29.1,12.28375,32,0.7537125
62_74,43.5,4.85,TRUE,TRUE,38.85,5.65,45.35,30.2,-3.6,23.75,5.825,52.325,27.475,6.8,48.725,9.125,6.9,3,3.175,37.375,18.505,32.375,0
62_75,69.3333333333333,4.28333333333333,TRUE,TRUE,6.05,5.65,46.9,28.725,-3.4,34.5,5.85,55.15,23.5,7.775,51.75,9.225,6.375,2.7,2.925,40.75,17.837,32,0.20099
62_76,34,3.2,FALSE,TRUE,NA,NA,NA,NA,NA,NA,NA,NA,NA,NA,NA,NA,NA,NA,NA,NA,14.8875,33.5,0.502475
62_77,20,4.8,NA,TRUE,8.05,3.75,42.8,26.375,-1.975,24.75,5.35,51.575,24.325,9.325,49.6,8.95,6.675,2.875,2.8,37.825,12.2075,30.25,1.02185875
62_83,52,5.75,NA,TRUE,27.9333333333333,9.26666666666667,48.975,30.5,-5.2,16.75,6.35,57.6,25.85,NA,52.4,9.925,7.2,3.05,2.725,40,18.635,34.75,1.7988375
62_87,58.5,5.94,TRUE,TRUE,23.2,3.8,43.4333333333333,25.2333333333333,-0.633333333333333,21.6666666666667,6.46666666666667,52.3666666666667,25.8,5.06666666666667,51.7333333333333,8.56666666666667,5.73333333333333,2.76666666666667,2.9,40.3,12.99,31.8,3.288958
62_9,52,4.824,TRUE,TRUE,NA,NA,46.15,29.625,-4.175,22.5,6.625,54.425,22.6,5.35,50.25,8.375,7.3,2.6,3.025,36.05,10.985,32.625,1.2670425
62_91,17,6.4,TRUE,TRUE,16.1,1,46,29.1,-1.5,29,6.9,53.6,18.1,4.7,52.1,7.8,5.6,3.5,2.9,39.6,NA,NA,NA
62_92,46,5.925,FALSE,TRUE,23.4,5.1,42.875,24.85,-2.275,19.75,6.4,53.275,20.375,6.225,51,8.2,6.95,3.075,2.55,31.4,11.49125,26.5,0
62_94,46.5,6.55,TRUE,TRUE,73.65,4.2,41.675,26.5,-1.825,19.25,3.7,49.8,23.825,5.4,47.975,9.1,6.95,2.875,2.975,37.025,22.1275,29.75,1.531355
62_96,40.6,5.554,TRUE,FALSE,0.5,0.1,40.85,27.6,-3.425,21.75,4.375,48.175,23.55,5.125,44.75,8.75,7.075,2.5,2.725,34.875,11.734,29.8,3.3140764
62_97,120.5,5.93,TRUE,FALSE,20.6,1.2,46.06,27.84,-1.34,32.6,7.58,53.14,31.72,9.22,51.8,10.24,7.26,2.66,3.06,44.22,36.166,33.9,11.5624968
62_99,35,5.9,FALSE,TRUE,NA,NA,NA,NA,NA,NA,NA,NA,NA,NA,NA,NA,NA,NA,NA,NA,NA,NA,NA
F1_39,24.3333333333333,5.625,TRUE,TRUE,82.35,7.45,50.475,31.5,-4.85,32.75,6.475,59.125,26.95,4.95,54.275,9.525,6.5,3.15,3.025,43.85,23.9483333333333,35.6666666666667,1.34518
F1_62,69,NA,NA,NA,NA,NA,44.6,30.3,-2.5,17,6.9,51.9,25.1,7.15,49.4,9,6.7,3,3.1,39.7,NA,NA,NA
P_125,26.75,2.95,TRUE,FALSE,0,0,35.175,21.7,3.225,44,3.75,37.95,13.925,3.675,41.175,6.675,4.8,2.45,2.225,30.35,16.33,27,1.2671025
P_126,32.5,3.85,TRUE,FALSE,0,0,NA,NA,NA,NA,NA,NA,NA,NA,NA,NA,NA,NA,NA,NA,24.3,26.625,1.137975
P_950,173.5,4.6,TRUE,TRUE,NA,NA,68.6,50.4,-10.8,193.5,13.55,75.35,43.7,6.95,63.4,12.3,8.25,3.45,4.05,53.65,45.7383333333333,38,5.76791733333333
39_129,NA,NA,NA,NA,0.012,0,NA,NA,NA,NA,NA,NA,NA,NA,NA,NA,NA,NA,NA,NA,10.0975,22.5,0
39_136,NA,NA,NA,NA,0,0.002,NA,NA,NA,NA,NA,NA,NA,NA,NA,NA,NA,NA,NA,NA,NA,NA,NA
39_15,NA,NA,NA,NA,111.5,8.1,43.15,25,-5.775,18.25,7.275,58.225,24.425,7.475,52.45,9.725,6.7,2.925,3.35,42.825,9.555,34.125,1.254492
39_38,NA,NA,NA,NA,1.7,0,NA,NA,NA,NA,NA,NA,NA,NA,NA,NA,NA,NA,NA,NA,NA,NA,NA
39_51,NA,NA,NA,NA,67.6,8.55,NA,NA,NA,NA,NA,NA,NA,NA,NA,NA,NA,NA,NA,NA,12.158,30.9,2.9201112
39_53,NA,NA,NA,NA,109.5,10.2,48.5,32,-2.1,24,9.5,54.1,25,6.4,52,9.2,6.7,2.5,3.1,41.3,14.219,26.7,4.7585064
39_89,NA,NA,NA,NA,136.8,16.6666666666667,51.825,34.25,-4.675,14.75,10.4,61.175,30.675,5.8,56.55,10.525,6.425,3.125,2.775,44.075,19.96,33.1,8.1050944
62_142,NA,NA,NA,NA,16.3,2.4,45.4,30.1,-1.2,26,4.1,52.1,19,2.8,50.9,8.5,6,3.6,3.2,40.8,NA,NA,NA
62_315,NA,NA,NA,NA,133.5,15.9,NA,NA,NA,NA,NA,NA,NA,NA,NA,NA,NA,NA,NA,NA,7.8175,31.25,0.40198
62_337,NA,NA,NA,NA,0,0,45.55,28.225,-2.325,17.5,7.425,51.625,22.65,6,49.7,9.475,6.825,3.15,3,39.45,19.958125,34.6875,1.707891
62_352,NA,NA,NA,NA,115.4,NA,NA,NA,NA,NA,NA,NA,NA,NA,NA,NA,NA,NA,NA,NA,NA,NA,NA
62_84,NA,NA,NA,NA,1.1,0.42,NA,NA,NA,NA,NA,NA,NA,NA,NA,NA,NA,NA,NA,NA,NA,NA,NA
39_103,NA,NA,NA,NA,NA,NA,45.4,25.3,-1.2,31,6.5,50.4,20.4,3.7,48.8,8.7,5.9,2.5,2.9,41.3,NA,NA,NA
39_109,NA,NA,NA,NA,NA,NA,46.675,28.325,-2.975,22.5,7.25,55.025,25.6,6.525,52.1,9.5,6.45,2.25,2.825,44.15,11.64875,33.625,0.70939
39_111,NA,NA,NA,NA,NA,NA,40.8,24,-4.1,25,5.6,49.7,20.3,3.5,45.6,8.8,6.8,3.5,3.3,39.8,NA,NA,NA
39_12,NA,NA,NA,NA,NA,NA,50.475,29.575,-2.475,15,8.15,59.25,26.875,5.725,57.025,10.1,6.35,3.125,3.1,46.3,18.801,35,0.160792
39_126,NA,NA,NA,NA,NA,NA,46.6,27.4,-3.1,24,9.4,57.5,29.9,3.3,54.4,9.9,6.5,2.6,2.8,41.4,33.2,29,0
39_32,NA,NA,NA,NA,NA,NA,43.3,28.2,-0.2,NA,9.5,49.4,16.3,4.7,49.2,9.3,6.1,2.7,2.8,38.4,12.5575,30.1666666666667,1.15628
39_52,NA,NA,NA,NA,NA,NA,47.7,28.5,-2.4,19,9,55.6,25.3,3.4,53.2,9.5,6.4,2.4,2.9,42,21.515,28.5,8.577082
39_56,NA,NA,NA,NA,NA,NA,46.9,29.55,-0.325,27.25,7.45,50.875,23.325,5.625,50.55,9.45,5.8,3.175,2.725,43.15,10.1875,22.8333333333333,0.875938
39_63,NA,NA,NA,NA,NA,NA,47.3,31.2,-2.7,4,7.9,57,30,4.2,54.3,9.2,7.8,3.2,3.4,43.8,NA,NA,NA
39_81,NA,NA,NA,NA,NA,NA,48.6,25.8,-4.36666666666667,22,6.33333333333333,56.8666666666667,20.4666666666667,6.73333333333333,53.4,8.26666666666667,6.46666666666667,2.9,2.8,36.7,15.21625,33.875,2.308362
39_86,NA,NA,NA,NA,NA,NA,48.625,31.4,-2.275,25.5,8.85,57.125,27.5,4.9,54.85,9.275,6.725,2.85,3.375,46.35,NA,NA,NA
62_108,NA,NA,NA,NA,NA,NA,43.25,27.05,-3.05,19.5,7.5,53.95,22.1,6.35,50.9,9.25,6.55,2.85,2.6,36.3,NA,NA,NA
62_114,NA,NA,NA,NA,NA,NA,44.725,28.875,-2.6,12.75,6.275,53.85,24.425,7.125,51.25,9.375,6.55,3.05,3.15,45.05,25.152,34.8,0.7437384
62_115,NA,NA,NA,NA,NA,NA,40.36,28.2,-4,20,4.4,50.1,17.2,5.6,46.1,NA,7.8,2.6,3,30.4,NA,NA,NA
62_117,NA,NA,NA,NA,NA,NA,37.5,24.6,-1.9,24,4,47.6,20.6,2.8,45.7,7.5,5.8,2.9,3.3,31.7,NA,NA,NA
62_120,NA,NA,NA,NA,NA,NA,48.9,31.8,-2.9,15,7.5,56.2,26.6,5.1,53.3,10.3,6.8,2.9,3.1,46.4,28.1566666666667,32.8333333333333,4.59647866666667
62_191,NA,NA,NA,NA,NA,NA,NA,28.6,-2.9,NA,4.4,53.4,21.3,3.8,50.5,9.8,5.8,2.7,3.4,35.6,NA,NA,NA
62_2,NA,NA,NA,NA,NA,NA,47.3,31.8,-4.5,14,7.1,56.1,23.6,6.5,51.6,8.9,6.6,2.4,3,43.5,NA,NA,NA
62_222,NA,NA,NA,NA,NA,NA,38.35,21.45,-1.1,20,5.25,46.5,21.6,8.1,45.4,8.75,6.25,2.45,2.9,41.9,NA,NA,NA
62_243,NA,NA,NA,NA,NA,NA,39.1,24,1.6,22,5.3,46.4,21.7,5.3,48,7.5,5.5,2.1,2.5,38.3,NA,NA,NA
62_265,NA,NA,NA,NA,NA,NA,40.1,22.9,2.3,33.5,6.85,50.6,24.15,5.85,52.9,8.15,6.25,2.6,3.1,38.7,8.005,35.5,0.50053
62_271,NA,NA,NA,NA,NA,NA,47.4,29,-0.9,21,7.3,56.4,25.3,5.4,55.5,8.3,6.8,3,3.2,42.1,NA,NA,NA
62_288,NA,NA,NA,NA,NA,NA,41.9,25.75,-3.5,18.5,5.9,50.6,25,6.65,47.1,9.15,6.15,2.15,2.8,41.1,18.601,26.3,1.714784
62_354,NA,NA,NA,NA,NA,NA,38.8,20.8666666666667,-2.33333333333333,19,5.36666666666667,48.7333333333333,17.0666666666667,4.53333333333333,46.4,8.06666666666667,6.46666666666667,3.36666666666667,2.3,33.4333333333333,11.635,30.25,0
62_361,NA,NA,NA,NA,NA,NA,39.3,24.7,0.566666666666667,21.6666666666667,5.1,46.1,18.7333333333333,3.16666666666667,46.6666666666667,8.26666666666667,5.9,2.86666666666667,2.53333333333333,32.8333333333333,NA,NA,NA
62_368,NA,NA,NA,NA,NA,NA,49.8,32.5,-3,14,7.6,58.7,26.9,6.9,55.7,9.8,6.8,2.6,3,44.9,NA,NA,NA
62_54,NA,NA,NA,NA,NA,NA,48.3,31.5,-1.9,27,5.3,53.5,27.2,5.7,51.6,9.4,8.3,2.8,3.3,38.5,NA,NA,NA
62_6,NA,NA,NA,NA,NA,NA,49,30.3,-1.5,23,5.2,55.7,20.7,6.4,54.2,5.9,6.9,2.8,3.6,37.1,NA,NA,NA
62_89,NA,NA,NA,NA,NA,NA,43.8,27.3,-2.1,26,5.9,53.1,23.8,7.8,51,8.8,7.5,3,3.5,39.7,NA,NA,NA
62_98,NA,NA,NA,NA,NA,NA,41.2,24,0,34,5.9,47.3,22.1,6,47.3,7.5,8.7,2.7,2.5,35.1,NA,NA,NA
39_11,NA,NA,NA,NA,NA,NA,NA,NA,NA,NA,NA,NA,NA,NA,NA,NA,NA,NA,NA,NA,13.235,32.5,2.0336
39_114,NA,NA,NA,NA,NA,NA,NA,NA,NA,NA,NA,NA,NA,NA,NA,NA,NA,NA,NA,NA,5.22125,29.75,0
39_134,NA,NA,NA,NA,NA,NA,NA,NA,NA,NA,NA,NA,NA,NA,NA,NA,NA,NA,NA,NA,19.035,34.5,0.80396
39_143,NA,NA,NA,NA,NA,NA,NA,NA,NA,NA,NA,NA,NA,NA,NA,NA,NA,NA,NA,NA,7.605,28.25,0.200212
39_20,NA,NA,NA,NA,NA,NA,NA,NA,NA,NA,NA,NA,NA,NA,NA,NA,NA,NA,NA,NA,7.514,32,0.5700688
39_64,NA,NA,NA,NA,NA,NA,NA,NA,NA,NA,NA,NA,NA,NA,NA,NA,NA,NA,NA,NA,8.07,23,2.0336
39_68,NA,NA,NA,NA,NA,NA,NA,NA,NA,NA,NA,NA,NA,NA,NA,NA,NA,NA,NA,NA,8.13833333333333,29.8333333333333,3.234584
39_69,NA,NA,NA,NA,NA,NA,NA,NA,NA,NA,NA,NA,NA,NA,NA,NA,NA,NA,NA,NA,8.615,20,2.44992
39_85,NA,NA,NA,NA,NA,NA,NA,NA,NA,NA,NA,NA,NA,NA,NA,NA,NA,NA,NA,NA,6.46,26.5,5.017968
39_91,NA,NA,NA,NA,NA,NA,NA,NA,NA,NA,NA,NA,NA,NA,NA,NA,NA,NA,NA,NA,5.6975,22.875,8.215072
62_102,NA,NA,NA,NA,NA,NA,NA,NA,NA,NA,NA,NA,NA,NA,NA,NA,NA,NA,NA,NA,12.72,25,2.0336
62_111,NA,NA,NA,NA,NA,NA,NA,NA,NA,NA,NA,NA,NA,NA,NA,NA,NA,NA,NA,NA,10.105,34.3333333333333,2.68489333333333
62_204,NA,NA,NA,NA,NA,NA,NA,NA,NA,NA,NA,NA,NA,NA,NA,NA,NA,NA,NA,NA,7.675,32,1.210644
62_218,NA,NA,NA,NA,NA,NA,NA,NA,NA,NA,NA,NA,NA,NA,NA,NA,NA,NA,NA,NA,7.3025,28.25,0.40198
62_249,NA,NA,NA,NA,NA,NA,NA,NA,NA,NA,NA,NA,NA,NA,NA,NA,NA,NA,NA,NA,23.8525,29.5,0.605322
62_257,NA,NA,NA,NA,NA,NA,NA,NA,NA,NA,NA,NA,NA,NA,NA,NA,NA,NA,NA,NA,23.26,27,4.364886
62_298,NA,NA,NA,NA,NA,NA,NA,NA,NA,NA,NA,NA,NA,NA,NA,NA,NA,NA,NA,NA,18.49,33,0.400424
62_319,NA,NA,NA,NA,NA,NA,NA,NA,NA,NA,NA,NA,NA,NA,NA,NA,NA,NA,NA,NA,10.227,30.1,1.3074512
62_68,NA,NA,NA,NA,NA,NA,NA,NA,NA,NA,NA,NA,NA,NA,NA,NA,NA,NA,NA,NA,19.47,27.5,5.017968
