id,S1U_bract,S1V_bract,S1B_bract,S1G_bract,S1R_bract,S5_bract,S9_bract.x,H4_bract,B3_petal,S1U_petal,S1V_petal,S1B_petal,S1Y_petal,S1R_petal,S5_petal,S9_bract.y,H4_petal,B3_labellum,S1B_labellum,S1Y_labellum,S1R_labellum,S5_labellum,S6_labellum,S9_bract,H3_labellum,H4_labellum
62_73,0.00803579109564059,0.0159538587691288,0.114516333866891,0.465786969300377,0.419708078792921,102.320519195595,0.851771163767419,0.911758016111537,0.892922214771845,0.0372827356968709,0.0393059069880675,0.0478065744675208,0.367853005751126,0.449950475515898,94.1377257346474,0.991464375177669,0.768134938877192,0.864783330296836,0.130828459218497,0.318933451290899,0.3989263102609,81.8226040013857,0.864783330296836,0.846313233398063,502,0.867195013780185
62_77,0.0134718607022743,0.0249616830230594,0.172238727894621,0.424252907936552,0.398155414520331,95.2447411185581,0.726686300492566,0.985222866173189,0.79911465085024,0.0490384039950995,0.0605175061689799,0.117883995442901,0.330372472805979,0.389862103648008,69.4000475756316,0.859821129170625,0.905594637014451,0.715979577824585,0.126773360585725,0.318169001935598,0.390911529885053,62.2175180569964,0.715979577824585,0.870926718956858,506,0.890335092471427
62_309,0.00298490282274634,0.00593545234605225,0.0500963168174494,0.533696974836044,0.420983870153078,99.0725490555704,0.952489640850453,0.894889205732569,0.865332044773624,0.0549199917404765,0.0566647131005638,0.0375256789584399,0.370115319002508,0.459089231278995,93.6072803431073,0.997752245067892,0.703996719744,0.860398616822039,0.0547569979105148,0.352565410504193,0.445936669226735,91.7250276952137,0.860398616822039,0.991125853542955,509,0.726485183074977
62_307,0.00914797015610793,0.0158733801582118,0.0781943591874479,0.433203611771005,0.486920027634081,114.050885788888,0.903406924284381,0.743776617215087,0.883656694283059,0.0492226176824377,0.0516230822586188,0.0412804487068981,0.369290088421591,0.461405261447985,96.973904678749,0.995859409386678,0.71256919113774,0.886168253829052,0.045332869414957,0.362783414755562,0.462621987599975,98.9368088733098,0.886168253829052,0.992826093775298,511,0.709189924033977
62_304,0.00668182360804954,0.0148154731884498,0.154738652467462,0.453354214917459,0.393483202715598,96.7955848556056,0.764274839957093,0.999094912066701,0.912366779909908,0.0549785724806447,0.0728370803279823,0.15740461249377,0.311336690903857,0.372846807872459,76.5425849622578,0.748517520928198,0.959940115008599,0.886415163767974,0.186115963569272,0.296257170646277,0.378789569487845,77.506783297965,0.886415163767974,0.689090312821386,495,0.974284798727148
62_303,0.0126115594663308,0.0279294686086621,0.226730856313089,0.392061827616706,0.37680882819805,95.6360773232318,0.553760220422285,1.09344721819533,0.93931526387767,0.0373435143719615,0.038433920732326,0.0274310435589866,0.386538732418262,0.479793361082864,107.890305182274,0.997240684121822,0.699053352447331,0.889930597657603,0.0467497350064115,0.363748110969421,0.461323198773363,99.5944522091931,0.889930597657603,0.991435860610505,511,0.71331650190299
62_60,0.0101560976010963,0.0194021743476526,0.153167122750675,0.505686885975425,0.339697298950425,84.601505674865,0.791805932580006,1.12417870265221,0.905595400607945,0.0718929827370661,0.0948343767523386,0.206369551475886,0.281063847358615,0.348185284525744,72.2238912662585,0.639859205226724,1.03548444009326,0.926432652712721,0.175223807784458,0.311492464858007,0.391659671308041,87.9448420573807,0.926432652712721,0.728353218439994,494,0.97358423403737
62_306,0.00336600420395733,0.00761935652744678,0.0729204280808715,0.468091443373665,0.463236489670094,112.494917017351,0.910086387017378,0.808763305898376,0.951150300819475,0.0123286577419209,0.0135788074911318,0.0214531161016994,0.405425035502552,0.517771360463391,117.859905922183,0.992575587872463,0.673586724834116,0.87427924567609,0.0455545680231416,0.366306672859767,0.47058340705318,98.2454537933197,0.87427924567609,0.996077212494306,512,0.720959414085852
125,0.00245764845149943,0.00444628240603613,0.0291616930009495,0.423118517126492,0.552043656633279,114.925320474333,0.969084782460288,0.620755625430071,0.952459319091111,0.0349913806657418,0.0356056520419128,0.0195436733636485,0.399814751302838,0.506292582206952,116.942997731269,0.996944557037333,0.645292728144357,0.943394855879768,0.0316636149963504,0.381155798365218,0.484222564775743,113.226657941565,0.943394855879768,0.994275141877918,515,0.676138195738252
62_144,0.00777188004642446,0.0188225305165498,0.189674800565526,0.408706308371151,0.401983233229843,105.58792190632,0.670501620479864,0.996827995550924,0.813504668718613,0.063688561466881,0.0789202867474451,0.125840423509811,0.327159854634911,0.399987467380664,76.4077078763563,0.827625412383391,0.841362738242076,0.835905836471986,0.170580157857126,0.310183914627042,0.385415104927588,76.4913936823246,0.835905836471986,0.720793448321697,500,0.954086326344014
62_152,0.00626685872365337,0.0147107938395815,0.132211969829211,0.427185750530028,0.442214146098541,111.859146007146,0.801050210628005,0.866004369670465,0.923898069810479,0.0498694994265999,0.051686338308799,0.0376088945160968,0.37372739977199,0.464717843890597,105.657074916339,0.992520969362729,0.703143270635046,0.78481805909394,0.0544285887748292,0.362694409788006,0.462969849714573,89.5753266066941,0.78481805909394,0.993350926533046,509,0.732648868238067
62_143,0.00386105203574732,0.00825739773755324,0.105193184083325,0.476530980217504,0.422608812162287,101.214297356015,0.891319336027698,0.909184977473702,0.85398919756621,0.0441134568502878,0.0541187766551409,0.0927729761367556,0.351454865336984,0.416755237836256,80.4781253039806,0.893475605404781,0.837431939765141,0.811230878875923,0.0928991293779752,0.336586964310552,0.41171307825414,75.2155007712661,0.811230878875923,0.917870321828142,509,0.824178945321216
62_59,0.00858721921563316,0.0173595660115405,0.145874514445992,0.474476041148895,0.379467940563626,91.2414756661329,0.802866318503131,1.02497094301304,0.814195625789181,0.0587236397155731,0.0761825517135793,0.157321383243521,0.311250629228747,0.378078631120727,70.987554233577,0.75192291401225,0.933623938607906,0.840390496225506,0.182408979450684,0.296672985345791,0.370643193892383,72.6988669626626,0.840390496225506,0.693645318721288,494,0.961473949652431
62_22,0.00577331744863623,0.0109993530032528,0.0699047233632396,0.455246136384915,0.47672330246316,117.010741993097,0.920758605162107,0.773865243369447,0.948708672462031,0.0536004253135431,0.0546754451393009,0.0258505429902825,0.380672373903549,0.472965829768622,107.654419470225,0.996936871993812,0.67534365334142,0.889752685117561,0.048771710061024,0.359693657127677,0.453591474633989,97.3489923665598,0.889752685117561,0.992412237552933,510,0.719628326200867
62_16,0.00723697878355825,0.0146853232468501,0.106169136096062,0.467918596009728,0.426811832034573,107.140982977096,0.864953891584759,0.892797729837515,0.950022477733722,0.0432514266205013,0.0444105363523559,0.0277070625691489,0.385746079667854,0.481681759140208,112.370310537285,0.994631436543774,0.680247198831064,0.871563449396395,0.0587542922255058,0.36142722479174,0.460350286570576,97.6288292308778,0.871563449396395,0.979325944116296,509,0.74946396633859
62_140,0.0108030000395186,0.0182295221027201,0.0916576644930517,0.452052884382652,0.453403740808746,106.602026975791,0.89044565849319,0.818653960145653,0.840270169769335,0.0692193157207128,0.070587202468828,0.0299927365336045,0.371971730204161,0.461118043978757,94.1142917014134,0.998413471843489,0.66297893050863,0.809448697491871,0.0491261228928094,0.349925374907259,0.443678617671082,87.4688636611823,0.809448697491871,0.992907546128907,510,0.673338168083091
62_261,0.00407974050563681,0.00951413157185009,0.0989625248864972,0.433304097784003,0.471429290456235,115.089387707147,0.876818911886252,0.794672210887369,0.91846164308935,0.0391232417020317,0.0418016368577179,0.0325198728832362,0.38047813806328,0.46753380907593,100.298928650163,0.998879986024599,0.72262097659935,0.873534008128852,0.0467502509248778,0.374314763358056,0.473845037165452,99.5838769084435,0.873534008128852,0.994176334085011,511,0.75366985678944
62_135,0.00334613572145734,0.00649675250142283,0.0517588539096244,0.461877120568188,0.490497789811672,114.697020161234,0.948010553504111,0.746949551857148,0.943812662920153,0.0355692327476538,0.0368702583943321,0.0284113772240819,0.386656471758139,0.484106161822338,110.712449068059,0.996293615546833,0.69336153147147,0.921542536662763,0.0423812438554682,0.36379085788336,0.459927912986602,102.231122680289,0.921542536662763,0.990935081678987,511,0.701332749929976
62_137,0.00539214866350361,0.0093032431722278,0.0924779950516351,0.532350165522253,0.378104168486708,86.4188687845042,0.914756363450407,1.00162006340695,0.929797162034888,0.0282240167809514,0.02997872272245,0.0327943782280807,0.383940709740028,0.468909710250453,100.941598981058,0.997965926954262,0.744548312033165,0.832027983044079,0.0979558898918191,0.334719313397504,0.412697187089259,79.889228149276,0.832027983044079,0.929693384709763,505,0.836363532872231
62_125,0.00735435387633302,0.0143878288148238,0.120380837287803,0.488544202143425,0.39206271073984,93.8595469731995,0.863393969693099,0.980180091798027,0.898049273988776,0.0576683190076216,0.072622138033077,0.127577688527572,0.323080115357598,0.396440210869651,80.9566104477757,0.825075497532868,0.869084394044728,0.865520526744455,0.138690805991105,0.312557849169997,0.39873038126052,80.0518410202222,0.865520526744455,0.823622034193243,503,0.867720790493508
62_134,0.0167830916156968,0.0306190369453774,0.201635306979142,0.44348284256811,0.346681222552587,76.3674592253673,0.71641945801036,1.14475937864404,0.806613095960639,0.0731526888478744,0.0930978520474372,0.180595851393925,0.292538044074607,0.347898997842106,61.6045793395036,0.692932562115913,1.01129702727748,0.906781462621859,0.107555059783658,0.341398301253368,0.41266130383912,85.6246532544733,0.906781462621859,0.859140209843226,510,0.850146186781528
62_83,0.00920816981232618,0.0154298540173005,0.0832057164897589,0.463704692472469,0.451804735990784,108.257419194976,0.90726027510965,0.823233795252541,0.865605908479993,0.0567715300330679,0.0661684144655133,0.108479226880128,0.330785250954201,0.412401046676598,85.0305977858539,0.891171184638062,0.821142011759643,0.842233564891547,0.0886497159727465,0.344788621574168,0.439718198896739,90.0883520136889,0.842233564891547,0.939808150894352,506,0.793847447697904
62_313,0.0116446135293174,0.0226152232550163,0.160651994828619,0.457007675629625,0.379135634103078,89.6734989531661,0.766790950472121,1.03153032807973,0.921209183443021,0.0477999411665829,0.058449619788201,0.0883577629206617,0.354121332209651,0.420043543183451,88.1208679615421,0.887301201951929,0.818946121267592,0.863728323559419,0.105935245301383,0.317009550201726,0.464647923918166,86.6283364910272,0.863728323559419,0.88253830725921,512,0.668219698846902
62_296,0.0181890888826317,0.0265841866177288,0.152578253831879,0.524544460553673,0.313008050740262,53.61880089143,0.874259223774687,1.17854771819393,0.85310557666531,0.0745009092713833,0.0886833302332289,0.141694953004295,0.307812168178157,0.376726219369872,73.635335238231,0.829130602455229,0.888573925724468,0.929908642108395,0.148841763201508,0.321172494445414,0.408174566320827,91.3838108873524,0.929908642108395,0.793930133220583,500,0.914311242649593
126,0.00312636982219614,0.005933420067657,0.0349953395578688,0.410441092643342,0.55827402206293,112.751940938368,0.959173035069868,0.604313767826437,0.962721263897098,0.0192821170140057,0.0197392253198926,0.0115918061911132,0.418647711850674,0.532057540963812,118.157105901102,0.999234972050354,0.627585065171485,0.948249043988005,0.0221723585737164,0.381478282072893,0.489644463866545,113.534349905445,0.948249043988005,0.995631277555902,518,0.60547257925236
62_87,0.0113719346605422,0.0204358489063729,0.147310963257819,0.490414514076837,0.35952539622791,77.4218834713143,0.824398315344449,1.0703048397201,0.906516759861848,0.0557913939359304,0.0580370706541664,0.0405311791144291,0.369112280131076,0.448402329370177,93.6849134533604,0.994082477196663,0.727063957652055,0.832153190814162,0.0835130307825882,0.340573398318807,0.419968174913287,80.2327958630297,0.832153190814162,0.959986464088076,507,0.820586560376846
62_370,0.0201564531497939,0.0356686813826008,0.181134332931184,0.398952202879596,0.407794424937011,97.2676076078807,0.697484595956786,0.95046601068521,0.874943097712771,0.0450464040469739,0.049743969134422,0.0544620391752547,0.360720455682786,0.439661950182755,87.9269260778523,0.997421930886711,0.774816602236434,0.866910694315427,0.132079447688303,0.316718301445748,0.402496673289101,81.183311511174,0.866910694315427,0.846104452949253,503,0.863203050512057
62_305,0.00529595549844781,0.0137033864791278,0.153311527196257,0.420223370398263,0.429089989549512,108.111024127413,0.762053317397244,0.910339704255867,0.901397657549229,0.052510024477822,0.063934375202904,0.0989633865610355,0.34376864611291,0.413278061304288,85.0426971358621,0.872350235441149,0.827473654527778,0.856639952927427,0.141189459772984,0.316169659276761,0.394869913268154,78.1892221631445,0.856639952927427,0.799287362946495,505,0.877135680012957
62_327,0.00926965013331092,0.0182667576791716,0.163233351466541,0.428477884251053,0.407228856830819,94.5973963415267,0.791502359030723,0.9638262408309,0.860596273875436,0.0439270484929552,0.0566882584860078,0.135887179218795,0.323697313251575,0.395802006835648,79.7455303577824,0.826919280747356,0.907343982188041,0.959509174020527,0.120740474098593,0.337922439608153,0.427054262922896,100.295360611089,0.959509174020527,0.867046642845155,503,0.869867345633155
62_21,0.00859650022816917,0.0160723649946042,0.11001430243602,0.451888240762972,0.437484056167193,99.3325229798832,0.855192412323587,0.866875214306364,0.93486243693263,0.0361359668029951,0.0372644822549661,0.0284880929835319,0.388436042454363,0.472219685331345,105.193780053319,0.997932743227593,0.718543266759866,0.926714457015413,0.0411482746760196,0.364325036939644,0.463140980274745,104.04087098564,0.926714457015413,0.992747143040414,511,0.697893122166129
62_153,0.00867869968174701,0.0167617383154703,0.116084731593237,0.448147271882834,0.4351605636672,107.065999062763,0.84314394551826,0.87286001348188,0.862351530665647,0.0494949618491995,0.0610558792140123,0.0965296876163282,0.349854845617903,0.417676575955874,83.0736660035363,0.874474283667193,0.822073190359784,0.856999935144036,0.0828049499585852,0.357642565824476,0.445458010444219,90.9316767897158,0.856999935144036,0.909501934042921,512,0.782641004564881
62_116,0.00686810188556228,0.0136533696787424,0.0993385230245166,0.451509432161844,0.450060018172691,106.411017403747,0.870518300448033,0.838695473598064,0.980869252414279,0.0269858704609267,0.0274850320072061,0.018356207851183,0.396814615867626,0.486494215075254,111.473370430284,0.998707144166355,0.708458816363467,0.9508537273586,0.035532391612774,0.374049889771381,0.48337119945943,110.561205965023,0.9508537273586,0.99519286933965,513,0.706095754543313
62_167,0.014338413977232,0.0238909857701811,0.132999862084218,0.486067914594207,0.375074417775992,86.4628634483653,0.83443949342624,1.01784567187699,0.61356583359054,0.0626839442666205,0.0729937449393576,0.0985840005887395,0.331844657953212,0.398870456297304,54.8386126697289,0.950164793938753,0.842031130277852,0.770084285278019,0.146281340056293,0.304534905021077,0.401837637975185,72.1154571233311,0.770084285278019,0.81395273994887,501,0.853491061752112
62_122,0.0128992206364709,0.0238816949791583,0.16515402463505,0.496213279988897,0.334382127817614,82.0496242682273,0.770809962038469,1.1450435752863,0.888248800214765,0.0693595779589396,0.0872069629505285,0.156819667919056,0.304539361937758,0.369552637713555,73.9832589741329,0.768643301960997,0.932857538983432,0.885419342673609,0.163335088068165,0.305633556217051,0.395815835650324,82.1514411559085,0.885419342673609,0.761561278332255,499,0.911577444769828
62_5,0.00811951501020533,0.0149418557068779,0.092765027324696,0.463442508224604,0.443587696191415,104.005420908913,0.883636499590986,0.849446600911582,0.929793319111314,0.0437508651466017,0.045483509169434,0.0402724338276631,0.371932716031001,0.443073652274652,94.00930038481,0.995442711404358,0.768630150927717,0.874941065608947,0.0632694331816907,0.359119907874997,0.448272619155295,92.2033030561107,0.874941065608947,0.975074934864396,510,0.776734650543863
62_103,0.00796166469756608,0.01345225036342,0.0743096258362914,0.525641024390324,0.400450865006211,96.807686177722,0.92249128972949,0.937923494826881,0.969487427757046,0.0271732208299187,0.0284736488412958,0.0208283310135682,0.400522186893013,0.498115503086983,120.150961029572,0.999306756501524,0.682181407501128,0.875113114393425,0.0414919577409592,0.35517559877308,0.512075622003697,98.5801323273294,0.875113114393425,0.996059302892828,514,0.587079352892411
62_13,0.00739018256687058,0.0126192618618059,0.0704109003625554,0.501531569096536,0.428785012533003,104.875058393106,0.920552974066668,0.875551692412914,0.945279056465714,0.0496204404899178,0.0511363902172365,0.0256113571085545,0.387081896004074,0.482569089909521,113.638431710797,0.998336532562883,0.662889538644876,0.851076937824071,0.0506704460625686,0.363173083970106,0.45764573381039,101.530709525163,0.851076937824071,0.988134719452773,508,0.694575826454586
62_19,0.00325623273541514,0.00671390932907474,0.05498513838994,0.418176871895422,0.530776839197356,115.484404104856,0.93073792343477,0.659503432661083,0.943117918229627,0.0373909504119193,0.0378368462137786,0.0195801462019754,0.403327938022419,0.500535232995182,115.128401125091,0.996941387144576,0.651636342145994,0.922047156631618,0.0367890656828456,0.36750412260583,0.469465296010532,110.878189385599,0.922047156631618,0.988797185325754,511,0.635125325076723
62_105,0.00467628227743879,0.00991601134339314,0.0855287938022975,0.43418481839998,0.483319146811464,116.848765436857,0.883306032763469,0.762037837073553,0.953349098919322,0.0322813551529225,0.033544812785673,0.0188265304488875,0.402655536192025,0.512967474620359,116.320077386368,0.997950754794586,0.637362212108221,0.843205146072982,0.0502282160120444,0.361880052314976,0.45554600647345,99.3544534520735,0.843205146072982,0.984557695846759,508,0.685369003818223
62_92,0.00838482501333999,0.014899013184117,0.0925236469964798,0.485397463826765,0.421982780236421,105.552227605604,0.892738236125092,0.895679733343271,0.811614796844282,0.048229338389146,0.0569232116746125,0.0766014072875692,0.357450403845576,0.445185048233476,90.5653688039106,0.915904792629772,0.752530315840784,0.885587030868531,0.137951323693347,0.325127781376968,0.413892768677849,94.1034108904854,0.885587030868531,0.784002314730811,502,0.820357135467074
62_136,0.00575821481640189,0.0103696413303125,0.0674289768965088,0.477232947325762,0.457631998190111,109.797033987773,0.922187578563808,0.811209723076347,0.965216840984532,0.0196867389224024,0.0200482623646395,0.0204065467456704,0.409698901520569,0.492792477076039,116.334483908257,0.999001307002724,0.709862122684953,0.929802702826715,0.0360542274464891,0.376347397808902,0.478759240795659,115.095109561448,0.929802702826715,0.993550697080518,511,0.66883975947815
62_214,0.00572382332370201,0.0129362622244642,0.120241304192053,0.413740663563291,0.468284931577396,110.917976548108,0.80264726838815,0.796753833548238,0.901021716882372,0.0550445908464746,0.0686346635030329,0.0962874570904288,0.355309172091401,0.438870123196951,99.2452812927966,0.859356680129461,0.749110122876703,0.776956898026262,0.109095718881706,0.331637222398107,0.436475860685126,83.0336584982716,0.776956898026262,0.85286870006532,506,0.716279442390449
62_17,0.00782860564761035,0.0137567285132617,0.101626429123291,0.492919098551974,0.405902744452779,96.4313123763647,0.88175573126652,0.937156410846684,0.881188154884727,0.0707998581226154,0.0730038436226111,0.0549839386509797,0.356182326145414,0.4449044297313,100.922596625804,0.981095328067832,0.696533251278997,0.807735917584021,0.0781354036891377,0.338682237536167,0.470411945256679,88.778788203472,0.807735917584021,0.947727716270286,507,0.656018909408688
62_96,0.0153397175178057,0.0262125595072584,0.1421127525977,0.448440174089961,0.402710396490334,106.642346186603,0.78249843936186,0.948710187189271,0.892635005713089,0.0545720858567831,0.0557440699496385,0.0377658200591316,0.381096219172534,0.473066225930593,107.862051170544,0.97700607137018,0.670266324263013,0.763602129030692,0.0925509098417184,0.347091493875891,0.432877696603345,87.6891577074405,0.763602129030692,0.904680751545735,503,0.741547485528528
62_258,0.011272671720971,0.018973155356933,0.101755633803329,0.501413369066381,0.394533620391152,100.907937988932,0.864364349960042,0.951923186274945,0.821941452831147,0.0589718073246265,0.0679363694767292,0.0915966023106438,0.355189447122968,0.416440292488372,88.2629074079089,0.885717280282839,0.799217306703111,0.86674056211434,0.168841775016927,0.316153460968145,0.394536444504662,90.258311021659,0.86674056211434,0.688911705576926,495,0.886399258444593
62_182,0.0100151235696289,0.0165409444382621,0.0848984813606371,0.435918589904026,0.477240338378672,103.578111790554,0.87224339537678,0.758886792358633,0.995560702577573,0.0113034226482452,0.0116816407551151,0.0152705167482465,0.42334400020369,0.52481465968442,121.016868234443,0.997263375323239,0.660482202030693,0.914261349865369,0.0392345105276955,0.380998734682854,0.496774177354684,111.838593281005,0.914261349865369,0.993445455398629,511,0.663314468960191
62_58,0.00372380223918127,0.0110067909968712,0.167335723373221,0.408271787398019,0.428575069275266,110.564376476787,0.69359536411556,0.919102024915178,0.939684983286948,0.035590017350065,0.0427819789531652,0.0602497450048164,0.38416904348762,0.463459608581103,107.457082652092,0.929046630021158,0.73645961709987,0.860317448708977,0.0822749731868008,0.341688700725612,0.492871333025599,91.5287460893893,0.860317448708977,0.908281059527025,515,0.635591392797802
62_359,0.00673820193111863,0.0138566634941781,0.111269897496893,0.471650355536604,0.418502992773246,103.548569334732,0.847896317260056,0.91543558200703,0.903698758111456,0.0594371653153008,0.0609942968872202,0.0293863978293862,0.379558363030476,0.469408642971924,104.365369517243,0.997494895416225,0.668045140633152,0.823740091600575,0.0537761379665548,0.35449420722645,0.447750450213656,90.5926317528083,0.823740091600575,0.993576455100333,509,0.705035871211094
62_175,0.00710099933027951,0.0142066100973204,0.105646261281676,0.46321306543307,0.432342637770677,111.931208996649,0.865047614467525,0.878890432249173,0.88887181294502,0.0294721842979744,0.0338154802481203,0.0520239487454914,0.377543597030557,0.471770001538398,103.828119677599,0.96597185258345,0.733971432127803,0.773218573593566,0.0717281505167563,0.350478156170737,0.443706571963937,84.5286486623357,0.773218573593566,0.97243519920734,507,0.751582363716513
62_169,0.00408141353793494,0.00947129959606226,0.0886077239253159,0.435782388091068,0.479140141090855,118.327419600173,0.885105759544874,0.774824368221324,0.896777384784737,0.0464175685547857,0.0481894279356702,0.0325434208923917,0.377593320791249,0.473747599205899,102.725747495564,0.997655223429642,0.690945124941936,0.864626042529798,0.0512344349081734,0.36687043648952,0.462488751477879,97.5890902614441,0.864626042529798,0.992069701691137,510,0.740851907421624
62_173,0.011246337347044,0.0234124038655258,0.169561237613281,0.422430513937449,0.404842902256853,101.106885461066,0.710314262629087,0.969834419509438,0.897530118413596,0.0421246315837762,0.0509999865085607,0.0825280992667046,0.355221216725252,0.441766382553831,95.5832165509946,0.912258151456935,0.776544505045389,0.758850068049626,0.110875772086654,0.332446316187842,0.415848019554707,74.6586437689077,0.758850068049626,0.880543635597335,507,0.818261347556
62_168,0.00484778499229761,0.0103974096092061,0.0879684889977028,0.449286583617945,0.46560339482613,115.107968014654,0.882519599238413,0.802324289574988,0.951829549371032,0.0316744785951533,0.0399537649027222,0.0747060886213188,0.367810577982281,0.449708403120224,103.193412802322,0.910122806213301,0.780842418413071,0.829591783113946,0.0596564593972877,0.365357560571203,0.460411126500014,92.3681005139076,0.829591783113946,0.960315989904865,512,0.733233630117824
62_151,0.0105692265323149,0.019028571445399,0.118448231315088,0.426806612752666,0.452221347593156,109.770839644946,0.846097518231387,0.827524355532461,0.81987710926736,0.0597098693325679,0.0724018268922036,0.112931950908049,0.329342520210079,0.410097022917241,78.1677707741711,0.861528702764933,0.820719490475594,0.750070931399441,0.148089060398497,0.307379150816872,0.405773002558776,71.9092112169668,0.750070931399441,0.797425288302523,501,0.836710592162602
62_94,0.00862697928361614,0.0180257287744838,0.141005233453343,0.442405230118212,0.416167548480566,101.29389756215,0.793793876692885,0.930214381742258,0.950934897145694,0.0251173225459369,0.0266832890886597,0.0245437667303973,0.394417985504037,0.494248575654193,114.479737251406,0.998509223435771,0.69550110189049,0.855074883953537,0.0716179056221162,0.350757994352626,0.449739243935037,93.27567912777,0.855074883953537,0.963405275182408,508,0.759071828578
62_18,0.00592878550155086,0.0128058768713564,0.0958621202214767,0.439598083350052,0.46625809570506,115.480439245819,0.86777332030571,0.799730712502143,0.86726991540714,0.0303493863806431,0.0358028353573511,0.0510250834820085,0.382955404874143,0.463033800894126,95.1107975297017,0.958985360859563,0.751349888569305,0.815895436287268,0.116510303975659,0.331430589978711,0.41009873748771,79.0785333488186,0.815895436287268,0.857888183014063,507,0.836575947779023
62_57,0.0131479894961893,0.0226085308853318,0.119899810106416,0.440241433559428,0.434705281797182,98.8802193812407,0.832860162507789,0.8659234129684,0.867160060186256,0.0401965379509358,0.0459369208227393,0.0729577168622542,0.359157315849835,0.450383455583255,96.0835725855116,0.945190745503988,0.759686638706406,0.813782635699486,0.0534501118339445,0.34509164897773,0.451721402504885,91.5917700599234,0.813782635699486,0.989176412574149,509,0.65391394858968
62_147,0.00470083823666013,0.0113406996121084,0.140812172040355,0.437103544128975,0.425548403926583,109.318666908074,0.803575869772782,0.914091351035419,0.935086677965847,0.0249720526829149,0.0283517115720418,0.0442954596038713,0.380236476964341,0.47398935168861,106.772270261275,0.97838565292542,0.740110675424892,0.862568600452817,0.104487653311095,0.33739148016749,0.427757272196118,89.2577632927477,0.862568600452817,0.897005784380047,505,0.818702074356472
62_10,0.00693400351789436,0.0130420587371488,0.0851138248508932,0.506001406498381,0.410099005938382,98.5141514658249,0.902886444253812,0.924437090628271,0.779404188837159,0.0445818751850459,0.0485994474389615,0.0568435998977374,0.360585076830912,0.433106815770959,77.3771642821028,0.99719047897007,0.791698580943755,0.874036997768823,0.0967072007022267,0.330753870139523,0.468850562117133,94.0872889888435,0.874036997768823,0.906543495829649,509,0.694270029700691
62_109,0.0055429969377258,0.0122045622690056,0.0978971814095965,0.412575360460306,0.491487542104474,109.272064641895,0.873687671921079,0.741900632121562,0.938023267785022,0.0276300106201129,0.0308209846368272,0.0453715558249968,0.376736844010007,0.469353321891926,105.842121364002,0.979377212199,0.744824505742007,0.872528230392761,0.0553535871533015,0.361916855343381,0.45766110163071,96.8238481248438,0.872528230392761,0.990774806332833,509,0.749375517104207
62_128,0.00198904893699467,0.00478771887924744,0.0580986953299288,0.439672710425293,0.507651923213033,116.629774194223,0.937263810769196,0.714605902934453,0.956383057696664,0.0387283847759851,0.039941453568243,0.021008282082878,0.393607334782458,0.494558903073651,114.681048634391,0.99864059497363,0.662679819250884,0.883606532517213,0.045759770402314,0.365035485984312,0.459681887338625,98.1210888786716,0.883606532517213,0.993985965356225,511,0.718252233853759
62_302,0.00433640819302412,0.0077485101521162,0.0589893087326372,0.45242142221544,0.491786234057886,95.8587108398548,0.941147011003333,0.739789501702216,0.979202368492561,0.0228561604356154,0.0241773604143119,0.0196539175575779,0.39629002575223,0.496754673510616,116.031090317339,0.999190932712199,0.695809728146813,0.869619214022213,0.0826253163552537,0.346865701778384,0.429661044474925,88.4344124250536,0.869619214022213,0.941555237783753,507,0.807041962914902
62_75,0.00891225268966283,0.0169013837543293,0.123646036292773,0.460825586763435,0.414996290589633,101.337679052406,0.852922560662961,0.925180438268401,0.87528542228018,0.0718206444023012,0.0739921413662277,0.0468946220662781,0.353229661153955,0.431497893520852,86.1605597364332,0.994536980835406,0.729140674769803,0.833658592141882,0.0639016718761646,0.34990768199693,0.4377603394167,84.8414290814546,0.833658592141882,0.99223469114279,508,0.773132105082065
62_276,0.00347149161720671,0.00788822486390027,0.0969588804123089,0.46914361217865,0.4383509800661,104.695638712391,0.880111427937964,0.871492298557659,0.916665868493193,0.0435418491111422,0.0539862051102215,0.0933232550235144,0.350267110798702,0.42611723375666,89.6386159830206,0.885061211909811,0.814532145035255,0.85762089824813,0.0696009930731142,0.345828492015938,0.452888402063049,89.8617958298158,0.85762089824813,0.9538697600451,511,0.741396582251142
62_138,0.0102600960976492,0.0161566421708864,0.104416547867006,0.477501412642468,0.416239962569498,91.0758664265183,0.893265996876176,0.912225292053872,0.936271795165365,0.0497836001534695,0.0512672511069261,0.0300938750175448,0.380338238172495,0.467519421147698,104.561821504806,0.996925575204759,0.696848521488011,0.838903857765084,0.0591653681063894,0.354137480976386,0.44013327692589,87.1425180814372,0.838903857765084,0.990812059085686,509,0.758131714419124
62_154,0.0113097551586934,0.0153946646629575,0.0982489376435507,0.453259410972015,0.444918684702208,89.5220761522409,0.891743524786902,0.839122236330046,0.854200664839323,0.0469322222816504,0.0480047075045097,0.0260955097576493,0.391657563495172,0.475163635037273,97.3296927082924,0.999127696982502,0.685186007746829,0.863037840744367,0.0505062793996509,0.363790076194877,0.456797038769679,95.7593409317976,0.863037840744367,0.990720489831623,510,0.731121132188573
62_131,0.00581635706587469,0.0110213582004564,0.068789613199442,0.434467140324163,0.498429842205191,114.709699645989,0.919789409432706,0.724779731557405,0.857781422393335,0.0643902940011767,0.0659344797634424,0.0326592764331585,0.373753585258366,0.45430544743936,93.5130208737725,0.997990228779698,0.691376299078912,0.821147684603656,0.0568303928013622,0.34992090172111,0.438755828402304,86.6544267990985,0.821147684603656,0.989497819797376,509,0.722688395069985
62_74,0.00773853558429471,0.0172907892491709,0.149919454445491,0.444210898683636,0.406394173191581,101.082442749988,0.770776487437156,0.961746932749684,0.863436708953389,0.0390863572051981,0.042294363400176,0.0493428854539098,0.366916193406133,0.453548747606383,92.1121239783631,0.995731835573544,0.755554473608435,0.838433314851466,0.138144214323678,0.31538173432178,0.392858379792033,77.5722584905215,0.838433314851466,0.828285874748294,502,0.87980278985093
62_300,0.00615422346539741,0.0138040205645876,0.127484540457183,0.4642793972325,0.410163559683502,100.100714743503,0.820066554428293,0.944193484192769,0.884266184750629,0.0432429383430101,0.0508570020306652,0.0738584026410284,0.355989058667958,0.431153296842513,88.2071644779915,0.936542623819653,0.80052279601629,0.796149039749277,0.150196734048776,0.30516829420685,0.375119825590095,68.0254509171742,0.796149039749277,0.796973997873928,502,0.914787590009725
62_308,0.00560496181638301,0.0114877987999082,0.087939689606406,0.435418654639571,0.478595063176526,114.163760931574,0.887825068926462,0.771379083974516,0.888794137641874,0.0318758804414201,0.0374577642239318,0.057375144906209,0.37846889237676,0.452741529856017,94.7141736140444,0.95118863342491,0.77216556293713,0.853523665391306,0.0968524272277344,0.34522318049351,0.42552638426406,85.1932091191611,0.853523665391306,0.890955554620341,510,0.810077845586608
62_310,0.00244941191885188,0.0056349414054075,0.0790842677912434,0.462809096056342,0.463691231214643,115.793084358959,0.92135778266586,0.812067131159223,0.901070442481438,0.0622073997470242,0.0656388270985374,0.0445881761661117,0.361150846301352,0.442282068545008,92.4684670885867,0.996812479359894,0.7264348937143,0.84449449635274,0.0628696735728934,0.348337148457183,0.436714016176144,86.9565765683201,0.84449449635274,0.989503336888421,508,0.754014412678139
62_265,0.00589703436697176,0.0113915746784476,0.078035894622208,0.479573015437237,0.444304130500556,105.974471316984,0.908713934390599,0.847562694481969,0.960097194468973,0.0300424090450468,0.0308233944327284,0.0256018244871952,0.392595304267214,0.477911509079097,108.75773538449,0.996772817877744,0.719841359068313,0.85521811636312,0.0601532171172429,0.347614038675082,0.432928586932762,87.2043881760401,0.85521811636312,0.991858196181128,508,0.748000020017664
62_355,0.00485448998834196,0.00909482698743529,0.0531430510883605,0.452417044570792,0.496994846375994,117.311560917939,0.940060362331189,0.729419691698998,0.928858388063338,0.0505395768733103,0.0517297218132117,0.0230107533353619,0.390470645937884,0.491406305879416,112.376925525748,0.997135559003287,0.639927012427839,0.859207182798213,0.0448338956885528,0.357853941157833,0.451637785652362,95.0017118148246,0.859207182798213,0.992101752208294,511,0.678745401853475
62_332,0.00900261860297462,0.0190765327576537,0.158943449179075,0.432120224856788,0.408152040109817,100.812823155178,0.758517856586329,0.959265270005491,0.951857183338762,0.0357824127499748,0.0366800421382131,0.0268405254202531,0.388675869337403,0.481093687024415,111.532411656178,0.996224886190345,0.699643777014838,0.827691604028638,0.0576580252876701,0.356531609139303,0.446321336010543,89.2554463338174,0.827691604028638,0.990478698250934,508,0.74830580700251
62_324,0.0074846709085423,0.0172712459246669,0.156945102128264,0.431495781427248,0.412115759351063,101.593645295989,0.745781268335919,0.951741694221181,0.689952433754443,0.0485613987715444,0.0540833428115047,0.0660195772991812,0.358614152427486,0.40573568389737,61.229154041879,0.998650877680987,0.850269945078354,0.861533019106915,0.0943710394825511,0.341333505933033,0.420448285627479,84.7553190380463,0.861533019106915,0.902986850350078,509,0.804208038577696
62_322,0.00608597294202994,0.0118443949464713,0.0857676187333496,0.497482966258148,0.41869665636426,101.979006109269,0.899510406862553,0.906667074634717,0.905172021045648,0.0301772509610612,0.032749075416738,0.0506906135473073,0.371596425147495,0.460616836288666,98.7348152739409,0.982441174725225,0.759310028104397,0.830483747600157,0.114761780279268,0.327357997125802,0.41148911830786,80.7983210286388,0.830483747600157,0.889601681332524,504,0.84074250727671
62_234,0.00556555207126991,0.0119607114341704,0.103176419348661,0.473938052905749,0.425329896701929,102.470262518517,0.861572710723903,0.899228825734921,0.885542263125069,0.05695995523949,0.0697773837772967,0.108445847622378,0.332504260271535,0.41152400080179,84.4812626916241,0.883162593249503,0.823128198041205,0.832093342126957,0.154763201324339,0.303178205686346,0.378188551859174,73.1052692282162,0.832093342126957,0.79589862683923,498,0.904900607434027
62_139,0.00427195075940473,0.0091951093824109,0.0977053534197752,0.493289732123334,0.413189279750527,103.768635761762,0.893735698512187,0.926884524425739,0.884215230566588,0.0418735350907868,0.0501608617978177,0.0806994472318934,0.35626832703573,0.440395248931861,92.7000303462174,0.922179196197924,0.780565348753762,0.855795372667512,0.080917863034667,0.350667814841483,0.441402166341455,91.3299198456675,0.855795372667512,0.942664190742141,508,0.785675898325275
62_63,0.00764209126355753,0.011636332007969,0.0636598663568779,0.60327106256264,0.333659877954258,83.6063367752764,0.952604626189597,1.0768339211666,0.917328539975922,0.0397234937567717,0.0443052325737242,0.0633971109817193,0.361585391845402,0.451673427704832,100.642091568874,0.960990171794322,0.758093546409264,0.814379240810423,0.0798419852487912,0.342008315684271,0.429834454881,84.2252815167613,0.814379240810423,0.957348390711792,506,0.768394934972427
62_189,0.00393100457310979,0.00690290332827305,0.068953634371207,0.576661021250818,0.35874336448565,86.9467262341437,0.938515960138284,1.03255873939278,0.946357106491705,0.0562253195013294,0.0715416415847759,0.127772326473283,0.328397046529158,0.402368637273581,90.8194767954466,0.815993045872916,0.854537719869873,0.834415471020092,0.0929174963265957,0.343064635574167,0.430662596319057,86.3113561409253,0.834415471020092,0.923108876725494,507,0.805147011409473
62_130,0.00617391168611801,0.0109922634827234,0.0702068854933028,0.542464788609056,0.389279743799558,93.4381923680611,0.925666062808049,0.964592795055619,0.872242543487492,0.0555369745511758,0.0574066217976675,0.0381874797444213,0.370057800401239,0.447128151291374,90.9234294040913,0.997465629042381,0.731071326767841,0.830592624895356,0.0648692732296925,0.352618933668421,0.440425000579536,88.2380289655413,0.830592624895356,0.986869369230662,507,0.763842847928589
62_188,0.00449444031555513,0.0103177553094289,0.0961827806813347,0.432575220502284,0.474497187963352,116.025512833933,0.871445484722964,0.785071888019137,0.933997780841879,0.0201881400601523,0.0220468713519232,0.0198512809807985,0.403869583988482,0.511544641293735,116.078201080282,0.999551255756821,0.669202120084992,0.824528219309889,0.0476133983157324,0.366574820034311,0.464480174402374,93.5726375480009,0.824528219309889,0.997887211069763,512,0.703516868324029
62_252,0.0121960189198226,0.0206084870261941,0.098996558997061,0.451074755800068,0.445729031003183,111.31188795005,0.871712073686181,0.83470952413828,0.880387966155635,0.0556661682425203,0.0693713353104436,0.124768671202907,0.328576215107813,0.41701188102811,90.5163046698596,0.835045236202272,0.81272416045988,0.873973751991191,0.0447616839950567,0.365854121044652,0.491438869917173,104.037225678348,0.873973751991191,0.990245428690943,512,0.670176990309775
62_14,0.00624862612416443,0.0130026449917864,0.119721865692291,0.46848961453469,0.413721840299141,101.75264300025,0.84731460547761,0.9314216881156,0.891432310326681,0.0383184789037495,0.0466028745154682,0.075493792387859,0.361696743058062,0.441087132773311,92.6746601343793,0.916596267967487,0.786908579537162,0.804016809242833,0.096973293737824,0.339694779504356,0.423422273223882,80.1116445952419,0.804016809242833,0.8950826877401,509,0.797438929772856
39,0.00598023790146331,0.0098122014092524,0.0718322218809268,0.533813375096372,0.396604596941656,96.7521696368983,0.9282609178204,0.949519088574718,0.928844125791947,0.0267340835038624,0.030304480415076,0.0501279334774236,0.374353216751653,0.471505011148606,105.630672654716,0.967662305182613,0.741891892863825,0.837210370561064,0.0804342269722162,0.349959353843321,0.44648052217167,91.2054328245478,0.837210370561064,0.946111149854941,507,0.774009867727694
62_66,0.00219349817570929,0.00450618987240254,0.0368071888550364,0.440238270993239,0.527820882978717,116.639091872727,0.959039320912014,0.669801908099272,0.967963506406244,0.0254980560314826,0.0261698612012106,0.0139331968672984,0.406780416889028,0.51354321893843,119.841093416067,0.999418414786102,0.653096224686138,0.898665142340299,0.046068634694936,0.361828913638132,0.453635582916533,98.6974308791841,0.898665142340299,0.992295221996919,510,0.717938529148563
62_185,0.0035336449891754,0.00655721976818292,0.063595846128133,0.551700801393419,0.389395584648886,95.2504292966387,0.946334203446124,0.965479654515114,0.949594208681822,0.0306303502728612,0.0319169027120338,0.0233279034383108,0.396143336744565,0.491871964220408,114.276521561113,0.997927114683843,0.687548160256703,0.755738148395139,0.0657564861942667,0.349105937532619,0.442455013555056,80.7581979178168,0.755738148395139,0.991769858423414,507,0.750506488827797
62_91,0.00589591956754682,0.00891705584586118,0.0440676336190465,0.441448071829255,0.515993122156659,101.019141929943,0.95781836018367,0.684388987097643,0.982070874427366,0.022435194451411,0.0232130286817893,0.020859211130812,0.403210891968836,0.501911543987041,122.084535873008,0.998048815032503,0.684486326920337,0.711261639378258,0.0956505018300131,0.338046432189837,0.408937977618256,68.6415853661124,0.711261639378258,0.945348603172606,505,0.826969632620611
62_206,0.00634461717069905,0.012767120777686,0.0944748926907758,0.460573835278449,0.446534803605727,112.29251437822,0.873780427371128,0.844951173207286,0.967675834746838,0.0304641276476956,0.0368461575827607,0.0576139561097408,0.375324899477729,0.467425658821555,109.783554314328,0.940477482830854,0.741054590622581,0.866703787910402,0.127781668738493,0.326725429075542,0.405292921578428,82.7782676326382,0.866703787910402,0.822073600406916,506,0.856676136795643
39_65,0.00475651973204846,0.00958412744649883,0.0760371701063353,0.476995824453571,0.450092265406214,111.371065761826,0.909611659677876,0.836082018545097,0.898562073567421,0.0564761383221747,0.0581260585715984,0.037679300959072,0.368350015875107,0.456639892187213,97.5536283254995,0.994935412903368,0.706337329761716,0.795018806794778,0.0651765235267181,0.348088830733281,0.432515767089874,81.3471441006534,0.795018806794778,0.989790340402835,508,0.75726638901914
39_56,0.0094227805556663,0.0165136331584876,0.0995547295374798,0.51372857029227,0.38563195999361,91.0539971275252,0.88498263145187,0.981923321431589,0.823869633138286,0.0536115080442646,0.0629251696295409,0.0932168673428392,0.340097363250814,0.42627342305485,83.4025671489342,0.91355085752202,0.789559843863221,0.740931752657943,0.136896827469812,0.310882272748027,0.402151796122603,70.3301006334722,0.740931752657943,0.849317799669911,500,0.848057382858545
39_57,0.0101912809445976,0.0183283091182897,0.116381224879605,0.516809987932502,0.365016684600715,89.4350095358417,0.864711958668259,1.03879522051655,0.685770430394717,0.0553279674278193,0.0625778102332366,0.0900805452487319,0.335770413774407,0.414208068706367,65.5297551671922,0.968675848582001,0.81782411007511,0.681348650986252,0.221309512420841,0.270960186046807,0.351152766088452,54.0091301772674,0.681348650986252,0.628807180678184,475,1.04698667804954
39_96,0.00733805372659939,0.0164613903318425,0.159751452146318,0.429025411298899,0.412072733638678,103.432486235093,0.756196821157841,0.953157778962488,0.917574618809322,0.0275286002710789,0.0306838151244773,0.040169073187697,0.381745740872062,0.489105974056498,110.448128478464,0.980763263789356,0.700008580229294,0.790112894230516,0.107825049934107,0.336550618943007,0.422001073613429,79.4509908712775,0.790112894230516,0.897123432501393,505,0.833681061696397
39_23,0.00789108563551374,0.0164525271820877,0.138401318695124,0.473157057577318,0.389003526443675,96.5358416623881,0.81373173641598,0.997612725492714,0.88929356298559,0.0354216900216531,0.0425341806022502,0.0697028312969277,0.363864644234415,0.461263703841572,99.6720814060053,0.932643147084654,0.744117178049715,0.874806409594187,0.157175853490782,0.313555806036997,0.390758384025196,82.1566020039283,0.874806409594187,0.766664822669292,500,0.918333032338986
39_16,0.00929661894596615,0.0170408875973245,0.111840045138566,0.490643392024569,0.396544999898529,96.3180635896979,0.86420717185941,0.962625174218505,0.852303867106797,0.0539013175971278,0.0565045918013812,0.0411510892632604,0.368607668765507,0.463689064855775,96.4530483807724,0.99586614103412,0.695407666938353,0.75314220797047,0.0689307723161443,0.35188962913613,0.4429011317934,80.7724363359218,0.75314220797047,0.985720918536793,507,0.76670662624621
39_27,0.00786670484503176,0.0144422844025551,0.095499608367883,0.50284677496527,0.402134339492818,97.2060585916506,0.894340399179802,0.944920516445319,0.903189456556823,0.0308548622176321,0.0346592065640152,0.0488358788116644,0.372237164462293,0.476236291205113,104.94364831351,0.977892389171984,0.721433931635477,0.73876704670122,0.100518908713226,0.335101147350758,0.423010389882104,73.8598412349539,0.73876704670122,0.927253369806021,505,0.817266226981301
39_75,0.0105651476624235,0.019106327354517,0.118182534691415,0.506047201932413,0.373442487999282,88.5982781210571,0.87060951013978,1.02033110779044,0.857989130546215,0.0456103081111613,0.048435835997594,0.0397465878779792,0.373526561786385,0.476724385424004,103.921113756429,0.994456552959545,0.685505020898265,0.781415010928987,0.107933656812963,0.336442436792447,0.425544299886209,83.3581219535056,0.781415010928987,0.884782346563843,504,0.797351318807257
39_49,0.00978521743929398,0.0166302146563086,0.0922538076528936,0.592164341549076,0.313548104235708,76.0398946569549,0.912013698143572,1.14019456443356,0.937015193773308,0.0173974589950881,0.0186033992914215,0.0243664861746342,0.391171546337367,0.525597690931522,114.524426665435,0.998144038155422,0.646609359667842,0.861564763841077,0.0661557652316255,0.362119633054422,0.454567955637272,97.1029474088401,0.861564763841077,0.965822356853729,508,0.767455807417228
39_21,0.0106794811069001,0.0201529312915882,0.134801863291224,0.471809797881813,0.390779729450587,88.7970276557534,0.831853780760824,0.987223114178315,0.942467027116323,0.0238127518719347,0.0257656113299136,0.0320808805664341,0.385824439121185,0.493368012944043,115.052187262729,0.992439484380354,0.700411572807774,0.829826407890841,0.132322227418371,0.322803484673704,0.40450673646214,81.0578943372503,0.829826407890841,0.833156552635316,502,0.859232191196122
39_81,0.00671046782602676,0.0123337902622964,0.0997223179481259,0.494973110766666,0.406843819738825,95.0318726043478,0.893457328012396,0.936894531579335,0.869754350902965,0.0590683640667934,0.0610113982718887,0.0311995063342748,0.374782660080573,0.476944418041722,104.620605498936,0.997754887696989,0.651650906543028,0.763081202957126,0.0626407063495691,0.338537545124932,0.441419434276307,84.5034090670881,0.763081202957126,0.985307486836479,506,0.671403667493188
62_218,0.0113928834861859,0.0203577054111545,0.120916344806109,0.434781190062773,0.440938754609905,104.350870797717,0.837953703053084,0.854159115288132,0.791357364514331,0.0262575472331028,0.027685017860722,0.0274671117771605,0.396902683301135,0.499254456497527,97.0388583751383,0.999148727990207,0.680416666269652,0.845675007782376,0.0556577345406401,0.344489562804725,0.433990955142721,89.5714527123342,0.845675007782376,0.989741570511228,508,0.690635517324637
39_2,0.0061010199914836,0.00975516552301591,0.0773624579290267,0.537877223555539,0.386792851044633,86.6516583139435,0.926014233975671,0.97325682872935,0.888261095882682,0.0443444605043564,0.046784931997092,0.038255675834427,0.373530723526516,0.468771056546597,100.685779817456,0.997248319879784,0.707275141767813,0.79953074071092,0.126021847710103,0.325763451600267,0.405248826322258,78.3216921406682,0.79953074071092,0.853831086937325,503,0.854187736657235
39_13,0.00619759285438251,0.0101874656025691,0.0751647226230984,0.516150220158602,0.410809243611548,102.417722700303,0.917097342627202,0.918261574285138,0.884187332169803,0.0349389649695245,0.0435054747507967,0.0775344697576087,0.364706491498014,0.466664257306644,104.394247151732,0.910908547959547,0.730837708502513,0.718911918032902,0.0673374145600996,0.36104921751859,0.468385134206313,85.0817261030806,0.718911918032902,0.968948553840691,509,0.7326202784659
39_25,0.00326332371592281,0.0070672573604365,0.0767403394561127,0.502153797400146,0.425780847968832,103.680218945511,0.905403410770919,0.892721939853694,0.864132999241119,0.0479535513805202,0.0565153168575494,0.0796172651229947,0.353350838604614,0.445572757262235,93.6914107815414,0.922023731384838,0.752089662834325,0.74136396717433,0.0868165787967755,0.342314397650323,0.427973057933529,75.63391324363,0.74136396717433,0.958499263794365,506,0.803417347986469
39_89,0.00584089285629115,0.0107004867283058,0.0882085911157102,0.606694480058187,0.307601827709513,81.0378900192604,0.917575084806888,1.14929088116918,0.915815905783201,0.0456947133158207,0.0476984744768301,0.033355709755628,0.377866369629795,0.480953779248856,110.064943619056,0.9960584194422,0.675867667960197,0.78296987104162,0.0667078917614031,0.354928061868314,0.44536859009335,85.2579042678943,0.78296987104162,0.985169683908956,507,0.763993886120949
39_82,0.00613148728353512,0.0111371666139492,0.0788616979934439,0.599435020407903,0.323864342994581,84.1142951383388,0.926740303446205,1.10897140745299,0.757386112379644,0.0520845565478148,0.0564019718001857,0.0452636092937613,0.368358969465887,0.46556727110648,88.8353866606295,0.996169977947894,0.695150053119615,0.708365807680569,0.0626277181791733,0.351233036132397,0.447649974851478,80.916283167374,0.708365807680569,0.985298668880069,506,0.715249106795534
39_39,0.00572102104565712,0.0107258731408672,0.0865364848662653,0.50863410220658,0.407395401076154,101.339877913535,0.903628986574897,0.931778871473038,0.646063326611235,0.0758938478516329,0.0831462043374747,0.0700592871327239,0.340492152470509,0.421544530107136,63.1773377968653,0.997322071148656,0.743426854199699,0.727551629506732,0.206735889735357,0.278443496034707,0.346443642536374,57.7128624020553,0.727551629506732,0.648427250553067,480,1.01987156817158
39_77,0.00864980147026541,0.0157801202412571,0.105791889389419,0.537532071902846,0.356543805068475,88.9202215916234,0.876995912499218,1.05240104877592,0.909016102507748,0.0465290461215279,0.0481522208952303,0.0310254865844594,0.376579584896071,0.48902873107003,110.702888490697,0.996707409246918,0.655810933914834,0.799143638490969,0.0969651894293131,0.338090657616937,0.429168177963865,83.5280869916002,0.799143638490969,0.919512429580918,505,0.793812253695099
39_34,0.00811277643514619,0.0162570982139251,0.112801280532187,0.572045376417844,0.314738169072682,74.5357840631172,0.887336913022123,1.15760351958471,0.907654113715053,0.0237027307033645,0.0289812178793425,0.0750256312132183,0.374277088247793,0.437846424948056,94.8706811109268,0.930789625148196,0.828129150886179,0.80423080495947,0.118028479610956,0.326402820442762,0.412486092392446,80.2571075723077,0.80423080495947,0.88443873614129,503,0.834993060386394
39_117,0.00798137515475019,0.0146791374326869,0.115682490787914,0.467042249727168,0.417483996560803,98.2194427475521,0.864442493756757,0.916537712626493,0.72526234562368,0.061587125551168,0.0660608198461153,0.0616269604972069,0.349490156623914,0.438649769796477,75.9420063489872,0.995024181020093,0.737053697247577,0.674237445105126,0.158663804213213,0.305486108574812,0.382060845831207,60.8083333824917,0.674237445105126,0.798892582222404,496,0.915082970483688
62_240,0.0295272833822322,0.0458948881063063,0.168447139565865,0.48109612626525,0.329537457493768,78.856707570005,0.749214878180971,1.13778074190421,0.888547584932816,0.0525387657099556,0.0557611375600627,0.0491737160885852,0.371433196111352,0.454015575127762,100.767936230971,0.989686954940093,0.720316500994001,0.70886416618037,0.0830919076042963,0.317609933109852,0.400301206372217,68.0174525571568,0.70886416618037,0.974578660674187,503,0.703383511358951
39_17,0.0084145388116592,0.0160257560782505,0.137043655964009,0.509057686744872,0.353989589868825,84.1298297410976,0.827484202030611,1.08017494777482,0.895077265707713,0.0221221942617693,0.0238646536645206,0.0348268699199298,0.386499668098054,0.494961392233795,111.408629268898,0.994320893852792,0.700473355637814,0.742874330457118,0.0608701778621221,0.360647862459908,0.454927959857895,82.6041919206146,0.742874330457118,0.992061723219643,508,0.752912570478025
62_225,0.00666165877583539,0.0117570047783805,0.0759056233693638,0.548025389983831,0.377635173284999,92.808459786321,0.92343092184134,0.991749329214029,0.867774772587744,0.028395909464299,0.0339504843134371,0.0515055577302621,0.383125942240609,0.46725371859128,98.1262493160367,0.956044752399144,0.74609487828016,0.702283127768773,0.106933757653225,0.328746570397554,0.406100758675573,66.7828776288208,0.702283127768773,0.896809793138886,507,0.814611906203988
62_162,0.00838479645048912,0.01471512971397,0.100040493959045,0.504170872480789,0.395810339489662,97.0148885675239,0.883355368433741,0.959665416687935,0.937606549030448,0.0458851132226506,0.0473583104975662,0.0398406970387951,0.375370691548522,0.466971537586738,108.615903360446,0.991561420414731,0.707104514096472,0.851546018516434,0.05819749122755,0.358443982095575,0.443133661283858,92.2189884797961,0.851546018516434,0.98636121711971,509,0.733223588812828
62_190,0.00493408429690815,0.00896634600651415,0.0567636479992002,0.504272162877151,0.441872113255548,106.361494634541,0.939894478972614,0.847894906473089,0.960807949672702,0.0391746354200253,0.04013629645571,0.0224643307378722,0.392591881353327,0.491313012350673,116.638631437043,0.99750918432805,0.668549891230701,0.832733626849745,0.065278938608454,0.346286091819807,0.432830721493968,87.071940746303,0.832733626849745,0.988095366592156,507,0.748073405781743
62_157,0.00920286639928052,0.0173529572008654,0.126457151346808,0.473628862101427,0.399035692107694,98.0903951678684,0.844402333366422,0.963552690926462,0.964220285172353,0.0239865175366969,0.0246747431735948,0.0168853885909081,0.40612152090753,0.504588005873843,118.356300485376,0.998554793572336,0.675316352292581,0.806070422558672,0.0601081136117927,0.347105189627841,0.437653442289787,85.6961962481049,0.806070422558672,0.990956304682666,508,0.717570091520765
39_15,0.00797097928895335,0.0154545130322148,0.138485833135573,0.498530903905325,0.363417314750861,86.8555599747164,0.836758728763025,1.06030461267086,0.908677676210096,0.0254247755117084,0.0323131521949563,0.078367184932545,0.360594224397953,0.456585858682148,98.6256616631833,0.920201827539959,0.780258660647414,0.866911976331479,0.155382910477773,0.311122474716577,0.386646666920939,78.8215600427483,0.866911976331479,0.791740263145684,499,0.933896971513752
39_92,0.00647028575229104,0.0123873079557894,0.100721506080197,0.555845764041716,0.345491146885971,88.6599858552171,0.882612327103627,1.0755572167748,0.804033570342131,0.0484744330527462,0.052009050246558,0.0430000802655565,0.373487144252871,0.470834515935457,96.6638921713107,0.994251751999564,0.691470344871278,0.690635984831264,0.0987256435857577,0.336287187417003,0.429573982436487,75.3284187404095,0.690635984831264,0.921568974773161,503,0.774400346911155
39_79,0.012832458013808,0.0274061912207713,0.200888148853758,0.409299173967413,0.385359352870855,101.126164436965,0.640213778067827,1.04238667466764,0.799051529584157,0.0604431055881091,0.0696506511780086,0.0784595934578374,0.342215479893168,0.453566208411793,90.9868348297986,0.94656368119448,0.699521359558362,0.847051805712028,0.212223685953807,0.287072692588514,0.365564352156298,75.8121984815452,0.847051805712028,0.604172437821903,478,1.00681563417953
39_110,0.00637876635646758,0.0131009701731254,0.102152286650682,0.47078489148042,0.428974024470389,110.320674846989,0.872842386960932,0.887540251972896,0.778689839708313,0.0523675555438087,0.0562382205870167,0.0467604241275635,0.368075456154029,0.463548383028837,89.7459914894727,0.996652667188992,0.698783750395512,0.759157843618662,0.111430576930123,0.332853743408788,0.42329712269691,80.0431605437446,0.759157843618662,0.877567901704381,504,0.795352497041863
39_68,0.00905015300343208,0.0179271800796608,0.134962645418936,0.445746016930567,0.418632606694736,99.1766424648086,0.79976517035334,0.917660098810272,0.838459542545551,0.0466986916558582,0.0485915342256244,0.0391501181728726,0.376647470862131,0.467910614869536,97.8803217810639,0.994700586990587,0.7028649990146,0.827696514616046,0.099972729621968,0.339738840752968,0.432698505075109,90.3237565577801,0.827696514616046,0.900250666110171,505,0.781611307472113
39_12,0.00776127632958819,0.0147204403468238,0.112200803767711,0.499736159030846,0.388839066644766,96.9185767690337,0.863817900965025,0.982728860781498,0.894547751386015,0.0361039587682926,0.0408590498668844,0.0555640626679565,0.370368694227029,0.465640724171012,103.251174534518,0.963437304070068,0.732812017150125,0.7696428733085,0.0715700724069377,0.356027280070372,0.448384846844281,85.4238057797233,0.7696428733085,0.967130129969453,507,0.766395510377152
39_95,0.0132368756583,0.0233477291710903,0.143497894325117,0.485419635173423,0.366506948855146,92.7169556869279,0.816961360597435,1.04664143499862,0.722209430095852,0.0683241040804315,0.0723160245711557,0.0495287385083948,0.352725410142288,0.453026569651087,79.2449742092762,0.997887203993712,0.684103052276821,0.647228493293405,0.0943118241563105,0.334427500892147,0.422215212485445,65.2055424888129,0.647228493293405,0.955021821405558,505,0.797885221485103
39_40,0.0114462949346272,0.0242853469756253,0.191670643779606,0.428662829689339,0.37670026684885,98.1411907307471,0.682732717270669,1.0608246263269,0.882900836246334,0.0366056422573671,0.0389835896032472,0.0404881812214353,0.375111381445536,0.476499272180052,104.977108570965,0.99468959510334,0.708005451661276,0.715385866071253,0.123367773635975,0.320831784101784,0.405955473200519,69.8909761987819,0.715385866071253,0.876482575958162,502,0.832967964456878
39_55,0.0134504094265798,0.0229546779262167,0.121458445742287,0.442774793496561,0.430462384234852,108.568415492974,0.826960808783227,0.875679302767672,0.85853126044738,0.0683788269799561,0.0729901834264991,0.0483260951825594,0.357260819321903,0.450976754863821,95.7642981136823,0.99537606782074,0.688755391689879,0.747278393217019,0.122007299332795,0.320820579941194,0.400680071064027,72.7649549568836,0.747278393217019,0.879439256533292,502,0.826092228260709
39_51,0.00970733405012025,0.0184550847831324,0.127235106076077,0.470867593185213,0.400632926469464,101.290950268185,0.831151982614335,0.958815652485971,0.862220593505097,0.0559143866657425,0.0585896537709894,0.0388811538277173,0.36696784344634,0.479642547025463,103.814607007062,0.995435145248321,0.652911576442946,0.756829649081446,0.0884559183488562,0.343104436086713,0.436722051220344,82.9348587327633,0.756829649081446,0.941068127362215,505,0.772074276258011
39_46,0.00932760266281589,0.0179550586790994,0.126386844286878,0.478875221710088,0.393742212533598,98.2474218221451,0.821486479007414,0.976299960574204,0.928902870958882,0.0405685611551773,0.042148587373906,0.029733456042095,0.38371128849674,0.486419667754101,113.687991005244,0.996232091843542,0.676232576883422,0.794694464656988,0.0643329854526497,0.352277169863251,0.443580689530807,87.2892513604005,0.794694464656988,0.982236210757011,507,0.739802256640223
39_14,0.00592801267961077,0.0118069216450449,0.0980885092360367,0.560662421970401,0.343585446671147,86.0659364424663,0.89028526790119,1.08073757207214,0.867342120556321,0.0451896084467934,0.0527200454640616,0.0784325237973367,0.350209991998665,0.44000845999102,91.2224087827613,0.940364755941501,0.774388480631358,0.761319242875321,0.135235352482887,0.313626108178482,0.393261742653184,70.2588312835174,0.761319242875321,0.855341110036766,501,0.880449989146565
62_315,0.0100234424555348,0.0187559315065855,0.107413213583089,0.453476570517488,0.437152965094409,107.333099683683,0.854277604469563,0.863208334977237,0.97472885610651,0.0129515791853922,0.0139016051949997,0.014319511211676,0.411049871890149,0.519749509858797,123.257126991822,0.999613402553352,0.668768588156083,0.768301847732318,0.122923298716366,0.319779246788082,0.399998087922926,73.6953748576492,0.768301847732318,0.867936231051664,502,0.834034097526175
62_351,0.0110214945171654,0.0213647592326786,0.128349487726723,0.46298181789492,0.405999021331796,99.3354637328009,0.821844729437787,0.945262994687422,0.968809046362279,0.0252839400179295,0.0259737903175623,0.017213212682736,0.400665790541623,0.514585936229301,119.890974343503,0.998598954441508,0.651473413713907,0.860208619175527,0.053588243347246,0.357520620851661,0.447674847902355,94.4606323194365,0.860208619175527,0.98935475895855,508,0.729841157647308
62_233,0.00500452514786232,0.0101345742533975,0.0743280742103795,0.461126535475703,0.467361073178284,117.111139980372,0.910520184620702,0.796565342450837,0.957004132091057,0.0390528355232373,0.0410566440861597,0.0218024487315425,0.393219831451489,0.496430427687112,117.317565059118,0.999095742069264,0.657552228903231,0.715916543303689,0.0727293093393367,0.343163819155821,0.424712550889126,72.9567683586454,0.715916543303689,0.989963482113877,506,0.763185220401655
62_363,0.00498310955495072,0.0100731997055041,0.0729621373768888,0.494773568514441,0.43522196746183,105.940875221276,0.913677460057731,0.866837893685718,0.925562290082532,0.0570746451441468,0.0580728113160335,0.0201802407923041,0.391210016960026,0.496186069403773,111.863411684133,0.997694769468741,0.612552419900413,0.763338276557711,0.0579625427346895,0.337659603573882,0.424278115679687,80.6002309491837,0.763338276557711,0.986502828365195,507,0.652715477786593
39_67,0.0100906746234074,0.0202790910819287,0.161624924674881,0.475917441821176,0.360923415480047,91.5664269752829,0.771261860791764,1.07981713888677,0.834157093897002,0.0650822229280679,0.0770309177491884,0.10416264587473,0.332060972564805,0.413068252422949,83.3990289556488,0.897189664720029,0.796384035173674,0.783253717842354,0.181033707989496,0.297385263958393,0.369658667711461,69.683119504446,0.783253717842354,0.721281918921993,490,0.957614302362891
62_338,0.0109609879043866,0.0179224159914558,0.0906730544792489,0.491679952094905,0.414866976892755,101.781729201577,0.90087754379848,0.907444768489567,0.955698325600378,0.0378211825110698,0.0389365918926819,0.0253850744951568,0.392963279091643,0.482393437392053,114.052099474117,0.997237124833884,0.691309937725355,0.81322396718755,0.0568272656706602,0.351624498801613,0.434148183181812,85.8157065744988,0.81322396718755,0.989860528522297,508,0.725035338045953
39_109,0.0154886807929669,0.025462170929575,0.142341382902624,0.534595453149447,0.316246382602633,73.3539140107203,0.829637160823286,1.16311984940321,0.899964626335921,0.0574007198310064,0.0605208434042083,0.0442619919017247,0.363681440302864,0.456239410945101,100.1290154247,0.994401997127414,0.704582620262337,0.835439588134169,0.190066512906133,0.290349788930936,0.367531422433543,72.5966325512226,0.835439588134169,0.684129184954482,487,0.965624017602512
39_116,0.00764777311880351,0.0148573702650821,0.110144606058749,0.474620868165118,0.41589292511436,104.561067889343,0.852583161032149,0.919437515747965,0.682132128588086,0.0793685807264992,0.0836112102687518,0.0507127556990704,0.351800977762388,0.439153440230545,70.519717475295,0.99877238630754,0.688096799919154,0.773202632551675,0.100704107564555,0.342023873209026,0.423983196050636,78.9487223629415,0.773202632551675,0.909358069363363,506,0.829472877570745
39_98,0.0024808485249717,0.00598868374961273,0.0806197567326041,0.473701433876098,0.45112127687932,112.871998622661,0.903546180679438,0.838606183377256,0.971472947900194,0.027956875993618,0.0288046368733895,0.0190139544404847,0.393197575461101,0.507694581712999,121.464741102314,0.999531841326989,0.660711323239576,0.809686775420091,0.0619846199900248,0.350363626428086,0.434331506079388,83.3056824484216,0.809686775420091,0.986614665882488,508,0.753160985086696
39_122,0.00831128501065167,0.014540392714715,0.0766664748780425,0.540439187858106,0.382777226090591,93.4182873219925,0.90991736179768,0.977667678349906,0.900791709330102,0.0416613709163192,0.0475123133317315,0.0563201184112605,0.368071071385426,0.471627159156708,108.514624458455,0.957920738897828,0.705043215985771,0.761061508401342,0.0927459577218687,0.339914389859098,0.430270756533505,82.2743428220791,0.761061508401342,0.921610375754245,505,0.776342269024821
39_130,0.00987748720597531,0.018379969575723,0.142627673974324,0.453993803427364,0.401841917322007,95.0522274704532,0.789720493523048,0.963909191498776,0.827992802070149,0.083187188389337,0.0888095063548849,0.0499979335511416,0.352626709988437,0.439443784192474,89.4294455006906,0.99617762603028,0.677301804982998,0.796883293945855,0.171115124624516,0.306139614955951,0.382429593384221,74.60847657219,0.796883293945855,0.7345089902556,495,0.930964493748744
39_41,0.00566565008796266,0.0107596657862506,0.0837860672875063,0.569863900469928,0.348967307085484,87.8031955129536,0.910273278927907,1.05960130360251,0.925258961821749,0.0331169114621269,0.0349746047744339,0.0297432310168946,0.388715772350372,0.488555630585927,113.78915683391,0.99719480805325,0.68889652972338,0.831965004557423,0.0771441006911946,0.352807183038428,0.443932819249873,92.1710027098564,0.831965004557423,0.946645374722776,507,0.767271278900981
39_136,0.0141461720692293,0.0295467627137336,0.205553163338918,0.407924964953132,0.380798299073077,98.3339563230579,0.620120249383025,1.05730115116111,0.938071936559152,0.0363124701342244,0.0379362110908643,0.0238454069569918,0.391775459032763,0.494363789660597,114.948329986503,0.998731285295556,0.668855906890737,0.762105479628422,0.0629134351148357,0.352364295387368,0.444720640135832,82.6093220221055,0.762105479628422,0.986313770822515,508,0.741295453791788
62_282,0.00346445480774402,0.00694305872177702,0.0550424444841554,0.447568450890711,0.501318138366858,119.838212357647,0.938391291150957,0.724389642643758,0.933318168859632,0.0639141564196407,0.0679309787647843,0.0303870798685888,0.371217547269356,0.475102841863108,108.928213140503,0.999228969836345,0.643742179324871,0.755210268637512,0.071070479162988,0.336858047424153,0.425574733142088,76.3389914702592,0.755210268637512,0.992266254347184,506,0.756473149952349
39_123,0.00502895268002685,0.00977744745166812,0.0725892768112556,0.472991536031858,0.45733280606515,113.696373200258,0.920425419838994,0.817982197883041,0.874430263773664,0.0380665257802747,0.0404558990645223,0.036184914122573,0.377811228974247,0.483295698030796,106.026070026072,0.995834125591418,0.689351933052427,0.778847943606075,0.0806626567471307,0.347033545714368,0.438009243422316,84.1302434342401,0.778847943606075,0.948437902976023,506,0.773501660288371
62_268,0.00681771185678587,0.0141236299524777,0.119368178514828,0.46833861874982,0.413955217002106,107.60880945492,0.847480986420867,0.928402865096714,0.914606437102789,0.0273710174461392,0.0283853583803484,0.0302111242370629,0.393776669353218,0.485476179581594,111.08172955589,0.993233104572159,0.70874936628373,0.716269697474015,0.0625983658528741,0.358590705451255,0.457986964934286,82.5128776654333,0.716269697474015,0.989710313216522,507,0.745306128527474
39_126,0.0105005577446332,0.0187215077542722,0.103568934497702,0.576811545445508,0.317029062848438,76.8073438272417,0.900960085625389,1.14033645008327,0.807027717466729,0.0521480300947261,0.0585197682209568,0.0665026710944657,0.358862449368822,0.445515987838021,90.540853155118,0.963240825189302,0.742210945965656,0.696738846338815,0.117456671157209,0.328066753943191,0.413841512677258,72.4070744722267,0.696738846338815,0.878344705211077,502,0.804895217047832
62_119,0.00984223710239059,0.019155101497297,0.127203968737988,0.462055118271425,0.409316696423651,105.155115714719,0.817000986802654,0.936624639119298,0.86065372237991,0.0599554942450625,0.0639479637610133,0.0517573680064216,0.362404050774048,0.454698567752977,101.162489758681,0.988043072864527,0.70093027475063,0.749748414059251,0.0916680973208148,0.343868703093442,0.436749244912091,84.7258371046921,0.749748414059251,0.929050435784959,504,0.765781839731343
62_267,0.00806368491766855,0.0113242032691968,0.0572483585368526,0.618768412032024,0.32389223789288,72.7459173040893,0.962327923825106,1.09289030787181,NA,NA,NA,NA,NA,NA,NA,NA,NA,NA,NA,NA,NA,NA,NA,NA,NA,NA
62_293,0.0057109374404504,0.0113521344745977,0.0788152634717296,0.434815458477358,0.488416558690794,111.282154217131,0.904235439882299,0.747276781634081,0.947321439706861,0.0425423076555865,0.043479590983911,0.0237000908776183,0.39241904504635,0.49300864723917,117.52580469762,0.995902309145759,0.656551967676193,0.71930606153454,0.0598853891534302,0.344658184012819,0.436179755290319,80.4600951656346,0.71930606153454,0.990697420366965,506,0.677604111882128
62_197,0.00788695521153834,0.0179942680909871,0.174043263747346,0.436736039258481,0.38980242201055,104.792807870808,0.715511896189534,1.01706015740328,0.829620826213496,0.068189683306622,0.0879075383929269,0.151305911256597,0.318131484184704,0.389574968150235,79.0756568423729,0.736652614506882,0.867453659229026,0.670490353369976,0.177115646268726,0.306512024801238,0.386762739690065,64.2812583466557,0.670490353369976,0.694219823534581,497,0.922425104421569
62_129,0.0177833679270458,0.0310716720800608,0.15018755982953,0.385462047485233,0.454554303430156,94.4968442313532,0.778038176601335,0.808985125472718,0.885902163208284,0.0407680777562527,0.0476695176610411,0.0586781856396198,0.374771855194164,0.455909197572092,101.432054255176,0.943815598110558,0.74352378561276,0.705406682980249,0.0946975444705698,0.35131454200515,0.442027653311201,79.2093522866803,0.705406682980249,0.898059263352157,507,0.787591535086825
62_264,0.0057110315181196,0.00989605351462331,0.0561327321016074,0.523239133678617,0.422829855816978,100.165069272177,0.945081254183764,0.886863750898567,0.809072091650975,0.0819786620682398,0.0872425762350291,0.0529458689373429,0.350825078513442,0.437057334032595,87.9506915331355,0.994711050421439,0.686842133248556,0.69229429468907,0.0771671288102268,0.338912342099856,0.430209761017509,74.5302176348592,0.69229429468907,0.980017215402616,505,0.732030364007712
62_172,0.00853715899105932,0.0170917117721179,0.130456020283792,0.454183855893763,0.415060787827992,104.658788791849,0.810609676457104,0.927644426974,0.827172729055506,0.0324698485460446,0.0368992654998228,0.0392399080913084,0.38923162706589,0.474916390144659,96.5839298783175,0.981581777430813,0.719379484306761,0.746777366991693,0.120587902650852,0.324034942740524,0.405404480535901,73.5831796518623,0.746777366991693,0.85373037153402,504,0.812889431458553
62_220,0.0119501102512129,0.0218072528035941,0.126618536600763,0.443312534808138,0.426261726833744,109.282248110145,0.82017638606805,0.890437211737533,0.763692921378826,0.0603776742194728,0.0675427106184822,0.0718660965543568,0.350175969439735,0.429022796058375,79.2229894734326,0.963841445705202,0.763791171135713,0.78070474621283,0.156496701387283,0.303643441953469,0.382624473094789,71.557045222257,0.78070474621283,0.767743935297344,498,0.875487308163328
39_8,0.00509828711867485,0.0107312334817306,0.106137486296831,0.508190893313928,0.389115037360875,100.314566880442,0.883828731227471,0.983661970118722,0.813309711619966,0.039497804376036,0.0430299851566674,0.0595678792649565,0.363128331665427,0.452344447130705,90.4393646757732,0.980606396209719,0.757224452106841,0.741852751563394,0.14951729062482,0.313792634335684,0.394750984557013,71.2688284955256,0.741852751563394,0.801438984435822,498,0.884100553638917
62_337,0.0168812348616385,0.0294723154775475,0.151776609019989,0.441225838745713,0.398552107568908,100.814344589981,0.765273438698582,0.963601874763572,0.92279369022328,0.0503218546436421,0.052067624327709,0.0392617297718711,0.371679964818729,0.463131132701535,106.052464438142,0.99204917537143,0.705862547046168,0.875632775141089,0.044864512446194,0.382628376288248,0.490563194721477,109.546562290998,0.875632775141089,0.981007603771098,512,0.712403127576438
39_78,0.0070379345850252,0.012272548902905,0.0815632816432919,0.563625654011074,0.355824988340253,84.8726818300088,0.925333876480887,1.04343254198196,0.851025800401462,0.0697161428176822,0.0962883128439388,0.223563825427947,0.278756993449651,0.352482876140468,72.1829025783287,0.573249111833904,1.04312292824366,0.82395520175237,0.245280361499493,0.270545176865029,0.33859914450624,67.0538997632271,0.82395520175237,0.491801054490985,465,1.12671697051155
39_44,0.00994196066291003,0.0152241519135584,0.0906188095158483,0.456674599974634,0.450697640558694,103.824429542845,0.88545717117619,0.824794931656452,0.90373982728918,0.0465018175914999,0.0484102392430804,0.0394972398668591,0.375934237282679,0.471745485720542,109.554079684663,0.990717324603154,0.694646695924559,0.847991439894581,0.105457183864151,0.343205599032925,0.434936509736316,95.2135451551826,0.847991439894581,0.877399434261731,504,0.793076274030209
39_60,0.0114644050934943,0.02164225330979,0.127143179267984,0.464992375884494,0.404727205901974,102.248705194895,0.827406068187844,0.945689491227733,0.821051807488838,0.0680267730111001,0.0708614568455988,0.0474800841879448,0.36090056426078,0.458627019999172,95.285840744039,0.988454391608147,0.670039574713759,0.68905245786278,0.0980379719601829,0.340309304881344,0.430890601300669,73.5502530309299,0.68905245786278,0.920602167809287,505,0.789272780654966
39_125,0.00495995806347901,0.00919213198069474,0.0634954621579392,0.54807943843844,0.391535579444379,94.4799446656787,0.94244701118465,0.959204222227878,0.859160247998927,0.047431871446711,0.049478268951802,0.0398043743121961,0.376144464597797,0.47440356552619,104.339404759582,0.990507147750019,0.685841871412993,0.80810464543324,0.0813807987280567,0.355777025360648,0.451270280514947,93.7774290923166,0.80810464543324,0.926811269251838,507,0.759753180097404
39_6,0.0129097251754056,0.0257880162246027,0.169378001041253,0.415259527977076,0.410748908483499,106.416445068953,0.729623831923818,0.94964140655954,0.905210733373763,0.0567210712098502,0.0585676820719023,0.0403602175074065,0.369521164113944,0.462242837446408,104.896647914456,0.991906578133124,0.691733773602385,0.803833010821426,0.0851854828145218,0.348687693377789,0.44076156116969,89.1732849631773,0.803833010821426,0.939279453104146,505,0.778203369249649
62_251,0.0098715149788747,0.0210633476109595,0.17353996504469,0.418945671493787,0.406031040918773,106.2760840783,0.716638964170748,0.969738013324079,0.88366888963477,0.0469189851613947,0.0490739017503542,0.0417277349624327,0.376029859021923,0.466120148018497,105.659884490963,0.988897936788376,0.706440193267434,0.790023775734378,0.116225891057178,0.332012102428775,0.420293461085481,85.1772053270391,0.790023775734378,0.861799675534562,502,0.802141583204278
39_115,0.00641004760261022,0.0117389264294538,0.085325404600924,0.591049886819968,0.325428502239021,84.5354151479864,0.92641743356164,1.11121539937536,0.836522417943614,0.0535571879844709,0.056159192566454,0.0428075786616192,0.370960321724964,0.469373755011282,100.357732903477,0.990769566995306,0.682125455919976,0.795583737689347,0.10851017437063,0.33718758524442,0.432862902214929,87.9797834325948,0.795583737689347,0.872555428732334,504,0.778247143177683
62_200,0.00945560475390927,0.0182749465780295,0.128103338035209,0.480039445872135,0.391003542082562,101.186761405452,0.828770474865837,0.982564122570832,0.902776050999705,0.0534132388429344,0.0557443421215904,0.0412206262401617,0.370669574025349,0.465762968863557,107.774707680113,0.991024588558598,0.691733776015566,0.77426669477727,0.130753952779702,0.323177628424911,0.415004998052032,81.8429209590623,0.77426669477727,0.832619164944738,501,0.81594370186135
62_158,0.00630859964273861,0.010759107913802,0.0536942649191137,0.513314917668665,0.434561142984326,102.149208312893,0.946673054639705,0.859194392028682,0.934506863358575,0.0486770329610951,0.0498892389626504,0.0275191023482695,0.382778596389388,0.485418658539627,114.57017462616,0.995272675098351,0.658628198698333,0.732657713039566,0.0617857269615555,0.352664026792249,0.443975132884244,81.0375414061095,0.732657713039566,0.991395754922987,507,0.732324875700355
62_219,0.00867189080568796,0.0158548972187419,0.0854554631427336,0.430648286875194,0.482964883363996,110.588999186792,0.888353483562893,0.752443886861862,0.86881107803579,0.0731592247390332,0.0750945548530612,0.0388737804134007,0.36572737062816,0.459495388069672,101.877568786219,0.989974976695235,0.655192746992181,0.806537144539422,0.0556084008392041,0.357923138021145,0.453829024288639,93.6246653911825,0.806537144539422,0.986843047531576,507,0.7084104508966
39_10,0.0121649553056824,0.0227608244473504,0.147859579331494,0.475969543521989,0.372660611559892,95.0019868270539,0.793094441993314,1.03576763712882,0.829332811764255,0.0523765645930747,0.0638893143231555,0.107715079048766,0.339016128215598,0.428574986654184,89.4061570875947,0.867935696078106,0.786631323000136,0.732839482917813,0.136652484968991,0.322432541222125,0.409498788093357,74.8104722207298,0.732839482917813,0.81695366594951,502,0.838005602934159
39_50,0.0218781224950325,0.0412667046343899,0.218825180706016,0.404873898287421,0.363059263386426,93.7407210930102,0.586722198611658,1.10772666979045,0.68820803471449,0.0674870916907808,0.0720995789555348,0.0625270682578488,0.351866535225608,0.437990846673486,75.0688906406352,0.990392079243021,0.72261359230025,0.810314448227793,0.122723266370515,0.3307420617353,0.424460909161867,87.5677637075516,0.810314448227793,0.85143466234182,502,0.812273681060992
62_69,0.00723147904705614,0.0141913450074276,0.0938859789859529,0.457078049579877,0.449809567522662,114.245343535714,0.878800596319339,0.834736223427468,0.904230423892164,0.0726183004747179,0.0744223127943932,0.0350631568161812,0.3699594520814,0.465801469165588,106.337127604665,0.991855637309957,0.64128624728056,0.686853278364821,0.0950390378728598,0.33828287495559,0.422109918504078,69.7779770317903,0.686853278364821,0.945215291973156,505,0.809477393215123
39_86,0.00636854775108234,0.0122997451532995,0.0952034346140678,0.614892100536079,0.290976927009201,72.5616854216628,0.919532290421843,1.19584268865039,0.713412147510783,0.0674237311108999,0.0775747762329189,0.112741433003892,0.320629132187679,0.400120989099369,67.3222801756048,0.919692172481061,0.829336079664764,0.746796085482521,0.165496173580845,0.297015439369544,0.375059025814203,65.7642547375806,0.746796085482521,0.774845563246577,493,0.906582653113473
39_87,0.0122572585063582,0.026351285973974,0.208674465334647,0.413786495497813,0.373672389024385,95.5138103191318,0.62168322066097,1.08376514969674,0.745009314903117,0.0560593661123646,0.0654569814066525,0.1097095559432,0.328773930052092,0.414643940806177,73.8981010394281,0.908100210451389,0.817238252468431,0.677998326042273,0.135216052811274,0.31748145697389,0.400822686109581,64.300684757567,0.677998326042273,0.862620859417605,501,0.872500753968728
39_93,0.0062443440898746,0.0120677668783041,0.0987857133897151,0.5504646745569,0.352919948206707,89.4005615321505,0.895219181432629,1.05989643294584,0.776333061523111,0.0508737932938516,0.0598579279650749,0.102061015436993,0.338625284998622,0.426937324826805,81.5960624183266,0.900841564144342,0.795279485608037,0.738517267942549,0.122285699003231,0.325267433535206,0.414494910626047,75.4217283210703,0.738517267942549,0.866402418280634,502,0.820961453624642
39_4,0.00599806242305492,0.0132441818561879,0.126506104922455,0.48677143401013,0.389034956962504,98.6948047449992,0.82955169429152,0.993634466840832,0.838096867898359,0.0427920858740427,0.0476840790014,0.0662781887100105,0.360095688495029,0.452871522503116,93.9292424456904,0.962431013402895,0.747611637161213,0.701653408161539,0.0840436465693588,0.34242809608839,0.434737352083029,74.6292143328398,0.701653408161539,0.958461404030776,506,0.768509939469014
62_65,0.00733441131384137,0.0161700849520681,0.132750291536974,0.429958777564499,0.438183827114715,109.203230515636,0.810897740299136,0.872762786485758,0.933484194656967,0.0392882998394109,0.0406831274006048,0.0312603638531406,0.386104711442261,0.483780931565997,114.636544405004,0.992997651077495,0.684872661677678,0.884042534370126,0.0808579975299836,0.356822862164061,0.44949376964518,101.848251214964,0.884042534370126,0.924901117432354,507,0.770138579116327
BRAC,0.0111704819482234,0.0200415573668048,0.126706953566343,0.508136516100947,0.361986026518398,73.4080087940211,0.884395027447972,1.05504702496436,0.717747949138311,0.0886709874611442,0.118406598092305,0.238069243300194,0.265121795664623,0.329223874053406,54.0709331777602,0.522382846146537,1.10467716236731,0.692984706436101,0.244607935932383,0.250894759904818,0.319970651078351,47.6288853252492,0.692984706436101,0.489173863738055,462,1.09181790032058
62_262,NA,NA,NA,NA,NA,NA,NA,NA,0.832566867488453,0.0489056270972969,0.051951243767818,0.045599703366726,0.372537418128004,0.465854151646047,99.8852266118413,0.990557033667344,0.70198462488103,0.771293260916215,0.0567766056851773,0.36216665271885,0.461921969370339,92.5570418980564,0.771293260916215,0.984472151088624,507,0.710053553179944
